"","Well","Samples","Lake","Target","Concentration","Ch1+Ch2+","Ch1-Ch2+","Ch1+Ch2-","Ch1-Ch2-","logConc","log_AMR_tot","co_occur","Date","Sample","Fish_ID","Initials","Mass","Length","Fibrosis","Sex","Repro_State","Schisto_Free","Schisto_Cyst","Eust","Fib","Indv_AMR_mass","Indv_AMR_gene_mass","Lake_AMR","Lake_AMR_gene"
"1","A01","BLA_1","BLA","FAM",3300,2166,271,10028,514,8.10198073185319,8.17357548663415,"floR & tap","04-06-2023","BLA_1",1,"AKH",0.78,39.32,0,"F",3,0,0,0,"N",10.4789429315822,10.3871547844272,2.43141990251436,2.41174081279949
"2","A02","BLA_2","BLA","FAM",3470,1570,180,10500,484,8.15219801586179,9.09234481373847,"floR & tap","04-06-2023","BLA_2",2,"AKH",0.76,41.25,2,"M",3,5,0,0,"Y",11.9636115970243,10.7265763366602,7.97574106468287,7.31210034685154
"3","A03","BLA_3","BLA","FAM",2870,1349,234,10614,911,7.96241568012106,8.01367414283268,"floR & tap","04-06-2023","BLA_3",3,"AKH",1.95,56.1,0,"F",2,0,0,0,"N",4.10957648350394,4.08329009236978,2.43141990251436,2.41174081279949
"4","A04","DUG_1","DUG","FAM",1480,547,374,9001,3419,7.3004728142678,7.35564110297425,"floR & tap","11-06-2023","DUG_1",1,"AKH",2.15,55.91,0,"F",3,0,0,0,"N",3.42122841998802,3.39556875082223,3.42122841998802,3.39556875082223
"5","A05","DUG_2","DUG","FAM",1621,461,184,8152,2720,7.39141523467536,7.43248380791712,"floR & tap","11-06-2023","DUG_2",2,"AKH",2.69,59.06,0,"M",3,0,0,0,"N",2.76300513305469,2.74773800545552,3.32401406261184,3.2937917973073
"6","A06","DUG_3","DUG","FAM",1364,870,528,8960,3965,7.21890970761906,7.3038432252777,"floR & tap","11-06-2023","DUG_3",3,"AKH",1.88,56.03,0,"M",3,0,0,0,"N",3.88502299216899,3.83984558915907,3.32401406261184,3.2937917973073
"7","A07","LCL_1","LCL","FAM",3300,1646,232,10904,576,8.10198073185319,8.15450017515194,"floR & tap","19-06-2023","LCL_1",1,"AKH",1.71,54.24,0,"M",3,0,0,0,"N",4.76871355272043,4.73800042798432,2.63388796759599,2.60266440780858
"8","A08","LCL_2","LCL","FAM",2630,1582,657,10365,771,7.87511928104029,7.95402108727804,"floR & tap","19-06-2023","LCL_2",2,"AKH",3.15,63.65,0,"M",3,0,0,0,"N",2.52508605945335,2.50003786699692,2.63388796759599,2.60266440780858
"9","A09","LCL_3","LCL","FAM",2530,1543,622,11109,1052,7.83636976054512,7.9098566672694,"floR & tap","19-06-2023","LCL_3",3,"AKH",2.47,57.47,0,"M",3,0,0,1,"N",3.20237112035198,3.17261933625309,2.63388796759599,2.60266440780858
"10","B01","BRB_1","BRB","FAM",2560,4113,1167,8137,403,7.84815308619953,8.04782935745784,"floR & tap","19-06-2023","BRB_1",1,"AKH",0.83,42.04,0,"M",3,0,0,0,"N",9.69617994874439,9.45560612795124,6.82245025119325,6.70743052872956
"11","B02","BRB_2","BRB","FAM",4370,4725,276,8706,59,8.38274709486331,8.49739856408806,"floR & tap","19-06-2023","BRB_2",2,"AKH",0.72,41.95,0,"F",3,0,0,0,"N",11.8019424501223,11.6427042984213,2.96090185198894,2.92109231406368
"12","B03","BRB_3","BRB","FAM",2980,2114,306,9829,723,8.00001409367807,8.07837810362652,"floR & tap","19-06-2023","BRB_3",3,"AKH",0.75,39.52,0,"M",3,0,0,0,"N",10.7711708048354,10.6666854582374,6.82245025119325,6.70743052872956
"13","B04","THE_1","THE","FAM",2340,2204,578,8560,1131,7.75833346749091,7.87777633327726,"floR & tap","23-06-2023","THE_1",1,"AKH",4.66,71.82,0,"M",3,2,0,0,"N",1.69050994276336,1.6648784265002,1.93630466450265,1.89908421232549
"14","B05","THE_2","THE","FAM",1684,2046,1134,7985,2015,7.42952084278646,7.60589000105312,"floR & tap","23-06-2023","THE_2",2,"AKH",3.39,65.79,0,"M",3,0,0,0,"N",2.24362536904222,2.19159906866857,1.93630466450265,1.89908421232549
"15","B06","THE_3","THE","FAM",2002,2075,712,7983,1531,7.60240133566582,7.74283595543075,"floR & tap","23-06-2023","THE_3",3,"AKH",4.13,71.67,0,"M",3,0,0,0,"N",1.87477868170236,1.8407751418077,1.93630466450265,1.89908421232549
"16","B07","TSI_1","TSI","FAM",2590,5284,1381,6788,123,7.85979918056211,8.12710918534638,"floR & tap","27-06-2023","TSI_1",1,"GAC",1.45,47.17,0,"F",1,2,0,0,"N",5.60490288644578,5.42055115900835,2.80245144322289,2.71027557950418
"17","B08","TSI_2","TSI","FAM",3040,3683,816,8494,180,8.01994168767737,8.16990264735914,"floR & tap","27-06-2023","TSI_2",2,"GAC",3.07,62,0,"M",3,0,0,0,"N",2.66120607405835,2.61235885592097,1.02005351682095,1.00359971968875
"18","B09","TSI_3","TSI","FAM",4080,3922,358,9584,75,8.31409733540581,8.414717399827,"floR & tap","27-06-2023","TSI_3",3,"GAC",5.93,78.7,0,"M",3,0,0,0,"N",1.41900799322546,1.40204002283403,1.02005351682095,1.00359971968875
"19","C01","ROB_1","ROB","FAM",3040,1637,341,11277,715,8.01994168767737,8.0774471493312,"floR & tap","15-06-2023","ROB_1",1,"AKH",0.74,37.73,0,"F",3,0,0,0,"N",10.9154691207178,10.8377590374018,4.56306364658242,4.49963861852501
"20","C02","ROB_2","ROB","FAM",4510,5082,283,8991,29,8.4142741374084,8.52912176228151,"floR & tap","15-06-2023","ROB_2",2,"AKH",1.09,46.26,0,"F",3,0,0,0,"N",7.82488235071698,7.71951755725541,4.56306364658242,4.49963861852501
"21","C03","ROB_3","ROB","FAM",3950,5913,423,7467,61,8.28172399041139,8.44870019497094,"floR & tap","15-06-2023","ROB_3",3,"AKH",0.64,39.38,0,"F",3,0,0,0,"N",13.2010940546421,12.9401937350178,4.56306364658242,4.49963861852501
"22","C08","ORM_2","ORM","FAM",0.08,0,2,1,13850,0.0769610411361284,0.398776119957368,"floR & tap","11-06-2023","ORM_2",2,"AKH",1.14,47.6,0,"F",3,0,0,0,"N",0.349803613997691,0.0675096852071302,0.349803613997691,0.128101938926787
"23","C09","ORM_3","ORM","FAM",0,0,0,0,8589,0,0.425267735404344,"Neither","11-06-2023","ORM_3",3,"AKH",1.57,52.54,0,"M",3,0,0,0,"N",0.270871169047353,0,0.180580779364902,0.0296734484872948
"24","D01","LST_1","LST","FAM",0.15,1,0,1,15315,0.139761942375159,0.385262400790645,"floR & tap","13-06-2023","LST_1",1,"AKH",1.51,35.74,0,"F",3,0,0,0,"N",0.255140662775262,0.0925575777318931,0.814058550822013,0.422371666506851
"25","D02","LST_2","LST","FAM",0.39,0,0,5,15215,0.3293037471426,0.482426149244293,"floR","13-06-2023","LST_2",2,"AKH",0.98,43.78,0,"F",3,0,0,0,"N",0.492271580861523,0.336024231778164,0.814058550822013,0.422371666506851
"26","D03","LST_3","LST","FAM",0.63,0,0,8,14989,0.488580014818671,0.542324290825362,"floR","13-06-2023","LST_3",3,"AKH",0.32,31.77,0,"F",3,0,0,1,"N",1.69476340882926,1.52681254630835,0.814058550822013,0.422371666506851
"27","D04","FRY_1","FRY","FAM",0.31,0,0,4,15134,0.27002713721306,0.53062825106217,"floR","18-06-2023","FRY_1",1,"AKH",2.77,59.5,0,"F",3,0,0,2,"N",0.191562545509809,0.0974827210155452,0.0884669244428334,0.0456487479264948
"28","D06","FRY_3","FRY","FAM",0.15,0,0,2,15522,0.139761942375159,0.27763173659828,"floR","18-06-2023","FRY_3",3,"AKH",3.76,66.09,0,"F",3,0,0,2,"N",0.0738382278186914,0.0371707293550954,0.0884669244428334,0.0456487479264948
"29","D07","BEA_1","BEA","FAM",0.08,0,0,1,15494,0.0769610411361284,0.285178942233662,"floR","24-06-2023","BEA_1",1,"AKH",2.65,64.28,0,"M",3,0,0,0,"N",0.107614695182514,0.0290419023155201,0.404719722453423,0.352350977816563
"30","D09","BEA_3","BEA","FAM",0.23,0,1,3,15301,0.207014169384326,0.542324290825362,"floR & tap","24-06-2023","BEA_3",3,"AKH",1.61,53.45,0,"M",3,0,0,0,"N",0.336847385605815,0.128580229431258,0.404719722453423,0.352350977816563
"31","E01","VER_1","VER","FAM",0.55,2,0,5,15004,0.438254930931155,0.536493370514568,"floR & tap","29-06-2023","VER_1",1,"GAC",0.83,38.43,0,"M",3,1,0,0,"N",0.64637755483683,0.528017989073681,0.856481456999754,0.526919084507398
"32","E02","VER_2","VER","FAM",0.65,0,0,8,14548,0.500775287912489,0.85015092936961,"floR","29-06-2023","VER_2",2,"GAC",0.39,31.82,0.5,"M",3,1,0,0,"Y",2.1798741778708,1.28403919977561,0.856481456999754,0.526919084507398
"33","E03","VER_3","VER","FAM",0.08,0,0,1,14523,0.0769610411361284,0.27763173659828,"floR","29-06-2023","VER_3",3,"GAC",0.86,41.27,0.5,"M",3,2,0,0,"Y",0.322827600695674,0.0894895827164284,0.856481456999754,0.526919084507398
"34","E04","MOH_1","MOH","FAM",0.24,0,1,3,14708,0.215111379616945,0.482426149244293,"floR & tap","15-06-2023","MOH_1",1,"AKH",0.74,39.14,0,"M",3,0,0,0,"N",0.651927228708504,0.290691053536413,0.651927228708504,0.19032971642609
"35","E05","MOH_2","MOH","FAM",0.24,0,0,3,14692,0.215111379616945,0.215111379616945,"floR","15-06-2023","MOH_2",2,"AKH",0.54,37.42,0,"F",3,0,0,0,"N",0.398354406698047,0.398354406698047,0.354118632764654,0.221333830531972
"36","E06","MOH_3","MOH","FAM",0.25,0,0,3,14236,0.22314355131421,0.22314355131421,"floR","15-06-2023","MOH_3",3,"AKH",0.84,41.61,0,"F",3,0,0,0,"N",0.265647084897869,0.265647084897869,0.354118632764654,0.221333830531972
"37","A01","BLA_1","BLA","HEX",245,2166,271,10028,514,5.50533153593236,8.17357548663415,"floR & tap","04-06-2023","BLA_1",1,"AKH",0.78,39.32,0,"F",3,0,0,0,"N",10.4789429315822,7.05811735375944,2.43141990251436,1.60574438980147
"38","A02","BLA_2","BLA","HEX",174,1570,180,10500,484,5.16478597392351,9.09234481373847,"floR & tap","04-06-2023","BLA_2",2,"AKH",0.76,41.25,2,"M",3,5,0,0,"Y",11.9636115970243,6.79577101832041,7.97574106468287,4.65606334539001
"39","A03","BLA_3","BLA","HEX",151,1349,234,10614,911,5.02388052084628,8.01367414283268,"floR & tap","04-06-2023","BLA_3",3,"AKH",1.95,56.1,0,"F",2,0,0,0,"N",4.10957648350394,2.57634898504937,2.43141990251436,1.60574438980147
"40","A04","DUG_1","DUG","HEX",84,547,374,9001,3419,4.44265125649032,7.35564110297425,"floR & tap","11-06-2023","DUG_1",1,"AKH",2.15,55.91,0,"F",3,0,0,0,"N",3.42122841998802,2.0663494216234,3.42122841998802,2.0663494216234
"41","A05","DUG_2","DUG","HEX",68,461,184,8152,2720,4.23410650459726,7.43248380791712,"floR & tap","11-06-2023","DUG_2",2,"AKH",2.69,59.06,0,"M",3,0,0,0,"N",2.76300513305469,1.57401728795437,3.32401406261184,2.0646738154488
"42","A06","DUG_3","DUG","HEX",121,870,528,8960,3965,4.80402104473326,7.3038432252777,"floR & tap","11-06-2023","DUG_3",3,"AKH",1.88,56.03,0,"M",3,0,0,0,"N",3.88502299216899,2.55533034294322,3.32401406261184,2.0646738154488
"43","A07","LCL_1","LCL","HEX",178,1646,232,10904,576,5.18738580584075,8.15450017515194,"floR & tap","19-06-2023","LCL_1",1,"AKH",1.71,54.24,0,"M",3,0,0,0,"N",4.76871355272043,3.03355895078407,2.63388796759599,1.72839502679698
"44","A08","LCL_2","LCL","HEX",216,1582,657,10365,771,5.37989735354046,7.95402108727804,"floR & tap","19-06-2023","LCL_2",2,"AKH",3.15,63.65,0,"M",3,0,0,0,"N",2.52508605945335,1.70790392175888,2.63388796759599,1.72839502679698
"45","A09","LCL_3","LCL","HEX",193,1543,622,11109,1052,5.26785815906333,7.9098566672694,"floR & tap","19-06-2023","LCL_3",3,"AKH",2.47,57.47,0,"M",3,0,0,1,"N",3.20237112035198,2.13273609678677,2.63388796759599,1.72839502679698
"46","B01","BRB_1","BRB","HEX",566,4113,1167,8137,403,6.34035930372775,8.04782935745784,"floR & tap","19-06-2023","BRB_1",1,"AKH",0.83,42.04,0,"M",3,0,0,0,"N",9.69617994874439,7.638987112925,6.82245025119325,4.98951491554976
"47","B02","BRB_2","BRB","HEX",531,4725,276,8706,59,6.27664348934164,8.49739856408806,"floR & tap","19-06-2023","BRB_2",2,"AKH",0.72,41.95,0,"F",3,0,0,0,"N",11.8019424501223,8.7175604018634,2.96090185198894,2.17939010046585
"48","B03","BRB_3","BRB","HEX",243,2114,306,9829,723,5.4971682252932,8.07837810362652,"floR & tap","19-06-2023","BRB_3",3,"AKH",0.75,39.52,0,"M",3,0,0,0,"N",10.7711708048354,7.32955763372427,6.82245025119325,4.98951491554976
"49","B04","THE_1","THE","HEX",297,2204,578,8560,1131,5.6970934865054,7.87777633327726,"floR & tap","23-06-2023","THE_1",1,"AKH",4.66,71.82,0,"M",3,2,0,0,"N",1.69050994276336,1.22255225032305,1.93630466450265,1.43769067943791
"50","B05","THE_2","THE","HEX",325,2046,1134,7985,2015,5.78689738136671,7.60589000105312,"floR & tap","23-06-2023","THE_2",2,"AKH",3.39,65.79,0,"M",3,0,0,0,"N",2.24362536904222,1.70704937503443,1.93630466450265,1.43769067943791
"51","B06","THE_3","THE","HEX",302,2075,712,7983,1531,5.71373280550937,7.74283595543075,"floR & tap","23-06-2023","THE_3",3,"AKH",4.13,71.67,0,"M",3,0,0,0,"N",1.87477868170236,1.38347041295626,1.93630466450265,1.43769067943791
"52","B07","TSI_1","TSI","HEX",794,5284,1381,6788,123,6.67834211465433,8.12710918534638,"floR & tap","27-06-2023","TSI_1",1,"GAC",1.45,47.17,0,"F",1,2,0,0,"N",5.60490288644578,4.60575318252023,2.80245144322289,2.30287659126011
"53","B08","TSI_2","TSI","HEX",492,3683,816,8494,180,6.20050917404269,8.16990264735914,"floR & tap","27-06-2023","TSI_2",2,"GAC",3.07,62,0,"M",3,0,0,0,"N",2.66120607405835,2.0197098286784,1.02005351682095,0.760860750930245
"54","B09","TSI_3","TSI","HEX",432,3922,358,9584,75,6.07073772800249,8.414717399827,"floR & tap","27-06-2023","TSI_3",3,"GAC",5.93,78.7,0,"M",3,0,0,0,"N",1.41900799322546,1.02373317504258,1.02005351682095,0.760860750930245
"55","C01","ROB_1","ROB","HEX",180,1637,341,11277,715,5.19849703126583,8.0774471493312,"floR & tap","15-06-2023","ROB_1",1,"AKH",0.74,37.73,0,"F",3,0,0,0,"N",10.9154691207178,7.02499598819706,4.56306364658242,3.29883145874574
"56","C02","ROB_2","ROB","HEX",549,5082,283,8991,29,6.30991827822652,8.52912176228151,"floR & tap","15-06-2023","ROB_2",2,"AKH",1.09,46.26,0,"F",3,0,0,0,"N",7.82488235071698,5.78891585158396,4.56306364658242,3.29883145874574
"57","C03","ROB_3","ROB","HEX",718,5913,423,7467,61,6.57786135772105,8.44870019497094,"floR & tap","15-06-2023","ROB_3",3,"AKH",0.64,39.38,0,"F",3,0,0,0,"N",13.2010940546421,10.2779083714391,4.56306364658242,3.29883145874574
"58","C08","ORM_2","ORM","HEX",0.17,0,2,1,13850,0.157003748809665,0.398776119957368,"floR & tap","11-06-2023","ORM_2",2,"AKH",1.14,47.6,0,"F",3,0,0,0,"N",0.349803613997691,0.137722586675144,0.349803613997691,0.0688612933375722
"59","C09","ORM_3","ORM","HEX",0,0,0,0,8589,0,0.425267735404344,"Neither","11-06-2023","ORM_3",3,"AKH",1.57,52.54,0,"M",3,0,0,0,"N",0.270871169047353,0,0.180580779364902,0.0683829085284741
"60","D01","LST_1","LST","HEX",0.08,1,0,1,15315,0.0769610411361284,0.385262400790645,"floR & tap","13-06-2023","LST_1",1,"AKH",1.51,35.74,0,"F",3,0,0,0,"N",0.255140662775262,0.0509675769113433,0.814058550822013,0.0169891923037811
"61","D02","LST_2","LST","HEX",0,0,0,5,15215,0,0.482426149244293,"floR","13-06-2023","LST_2",2,"AKH",0.98,43.78,0,"F",3,0,0,0,"N",0.492271580861523,0,0.814058550822013,0.0169891923037811
"62","D03","LST_3","LST","HEX",0,0,0,8,14989,0,0.542324290825362,"floR","13-06-2023","LST_3",3,"AKH",0.32,31.77,0,"F",3,0,0,1,"N",1.69476340882926,0,0.814058550822013,0.0169891923037811
"63","D04","FRY_1","FRY","HEX",0,0,0,4,15134,0,0.53062825106217,"floR","18-06-2023","FRY_1",1,"AKH",2.77,59.5,0,"F",3,0,0,2,"N",0.191562545509809,0,0.0884669244428334,0.00463062822720387
"64","D06","FRY_3","FRY","HEX",0,0,0,2,15522,0,0.27763173659828,"floR","18-06-2023","FRY_3",3,"AKH",3.76,66.09,0,"F",3,0,0,2,"N",0.0738382278186914,0,0.0884669244428334,0.00463062822720387
"65","D07","BEA_1","BEA","HEX",0,0,0,1,15494,0,0.285178942233662,"floR","24-06-2023","BEA_1",1,"AKH",2.65,64.28,0,"M",3,0,0,0,"N",0.107614695182514,0,0.404719722453423,0.225071579543778
"66","D09","BEA_3","BEA","HEX",0.08,0,1,3,15301,0.0769610411361284,0.542324290825362,"floR & tap","24-06-2023","BEA_3",3,"AKH",1.61,53.45,0,"M",3,0,0,0,"N",0.336847385605815,0.0478018889044276,0.404719722453423,0.225071579543778
"67","E01","VER_1","VER","HEX",0.16,2,0,5,15004,0.148420005118273,0.536493370514568,"floR & tap","29-06-2023","VER_1",1,"GAC",0.83,38.43,0,"M",3,1,0,0,"N",0.64637755483683,0.178819283275028,0.856481456999754,0.051576144562657
"68","E02","VER_2","VER","HEX",0,0,0,8,14548,0,0.85015092936961,"floR","29-06-2023","VER_2",2,"GAC",0.39,31.82,0.5,"M",3,1,0,0,"Y",2.1798741778708,0,0.856481456999754,0.051576144562657
"69","E03","VER_3","VER","HEX",0,0,0,1,14523,0,0.27763173659828,"floR","29-06-2023","VER_3",3,"GAC",0.86,41.27,0.5,"M",3,2,0,0,"Y",0.322827600695674,0,0.856481456999754,0.051576144562657
"70","E04","MOH_1","MOH","HEX",0.08,0,1,3,14708,0.0769610411361284,0.482426149244293,"floR & tap","15-06-2023","MOH_1",1,"AKH",0.74,39.14,0,"M",3,0,0,0,"N",0.651927228708504,0.104001406940714,0.651927228708504,0.0693342712938094
"71","E05","MOH_2","MOH","HEX",0,0,0,3,14692,0,0.215111379616945,"floR","15-06-2023","MOH_2",2,"AKH",0.54,37.42,0,"F",3,0,0,0,"N",0.398354406698047,0,0.354118632764654,0
"72","E06","MOH_3","MOH","HEX",0,0,0,3,14236,0,0.22314355131421,"floR","15-06-2023","MOH_3",3,"AKH",0.84,41.61,0,"F",3,0,0,0,"N",0.265647084897869,0,0.354118632764654,0
"73","A01","MUC_1","MUC","FAM",0,0,0,0,14931,0,0.198850858745165,"Neither","29-06-2023","MUC_1",1,"GAC",2.15,56.83,0,"F",3,0,0,1,"N",0.0924887715093791,0,0.0308295905031264,0.0108342590988495
"74","A02","MUC_2","MUC","FAM",0,0,0,0,15045,0,0.173953307123438,"Neither","29-06-2023","MUC_2",2,"GAC",1.81,51.82,0,"M",3,0,3,0,"N",0.0961067995157116,0,0.0623212302613413,0.0240266998789279
"75","A03","MUC_3","MUC","FAM",0,0,0,0,13371,0,0,"Neither","29-06-2023","MUC_3",3,"GAC",0.98,43.49,0,"F",3,0,0,0,"N",0,0,0.0308295905031264,0.0108342590988495
"76","A04","BOO_1","BOO","FAM",0,0,0,0,14657,0,0,"Neither","17-06-2023","BOO_1",1,"AKH",1.44,51.52,0,"M",1,1,0,0,"N",0,0,0.00528697522951242,0.00528697522951242
"77","A05","BOO_2","BOO","FAM",0,0,0,0,13831,0,0,"Neither","17-06-2023","BOO_2",2,"AKH",5.04,78.22,2,"F",3,1,0,0,"Y",0,0,0.0149290985557159,0.00968119068876947
"78","A06","BOO_3","BOO","FAM",0.08,0,0,1,14209,0.0769610411361284,0.0769610411361284,"floR","17-06-2023","BOO_3",3,"AKH",4.06,76.48,2,"F",2,2,0,0,"Y",0.0189559214621006,0.0189559214621006,0.0149290985557159,0.00968119068876947
"79","A07","BOO_4","BOO","FAM",0,0,0,0,14979,0,0,"Neither","17-06-2023","BOO_4",4,"AKH",3.32,70.76,1,"M",3,0,0,0,"Y",0,0,0.00528697522951242,0.00528697522951242
"80","A08","BOO_5","BOO","FAM",0,0,0,0,13058,0,0,"Neither","17-06-2023","BOO_5",5,"AKH",1.06,47.89,0,"F",1,2,0,0,"N",0,0,0.0149290985557159,0.00968119068876947
"81","A09","FRE_1","FRE","FAM",0,0,0,0,13933,0,0,"Neither","01-06-2023","FRE_1",1,"AKH",0.81,43.8,0,"M",3,0,0,0,"N",0,0,0,0
"82","A10","FRE_2","FRE","FAM",0,0,0,0,15185,0,0,"Neither","01-06-2023","FRE_2",2,"AKH",0.87,44.51,0,"F",2,0,0,0,"N",0,0,0,0
"83","A11","FRE_3","FRE","FAM",0,0,0,0,15327,0,0,"Neither","01-06-2023","FRE_3",3,"AKH",1.12,45.7,0,"F",3,0,0,0,"N",0,0,0,0
"84","A12","FRE_4","FRE","FAM",0,0,0,0,11542,0,0,"Neither","01-06-2023","FRE_4",4,"AKH",1.14,50.15,0,"M",2,0,0,0,"N",0,0,0,0
"85","B01","FRE_5","FRE","FAM",0,0,0,0,15869,0,0,"Neither","01-06-2023","FRE_5",5,"AKH",0.88,45.3,0,"M",3,0,0,0,"N",0,0,0,0
"86","B02","L2B_3","L2B","FAM",0,0,1,0,14705,0,0.0769610411361284,"tap","04-06-2023","L2B_3",3,"AKH",0.82,41.2,2,"F",2,0,1,0,"Y",0.0938549282147907,0,0.0312849760715969,0
"87","B03","L2B_4","L2B","FAM",0,0,0,0,14887,0,0,"Neither","04-06-2023","L2B_4",4,"AKH",1.1,45.08,3,"M",3,1,0,1,"Y",0,0,0,0
"88","B04","L2B_5","L2B","FAM",0,0,0,0,14899,0,0,"Neither","04-06-2023","L2B_5",5,"AKH",1.36,48.55,3,"M",3,1,1,0,"Y",0,0,0,0
"89","B05","L2B_6","L2B","FAM",0,0,0,0,13750,0,0,"Neither","04-06-2023","L2B_6",6,"AKH",1.32,47.07,3,"M",3,0,1,0,"Y",0,0,0,0
"90","B06","L2B_7","L2B","FAM",0,0,0,0,14286,0,0,"Neither","04-06-2023","L2B_7",7,"AKH",1.19,45.42,2,"M",3,0,0,0,"Y",0,0,0,0
"91","B07","LAW_1","LAW","FAM",0,0,0,0,14068,0,0,"Neither","19-06-2023","LAW_1",1,"AKH",3,65.69,0,"F",3,2,0,0,"N",0,0,0,0
"92","B08","LAW_2","LAW","FAM",0,0,0,0,14172,0,0,"Neither","19-06-2023","LAW_2",2,"AKH",2.13,58.26,0,"M",3,0,0,0,"N",0,0,0,0
"93","B09","LAW_3","LAW","FAM",0,0,0,0,13240,0,0,"Neither","19-06-2023","LAW_3",3,"AKH",2.55,62.23,0,"M",3,0,0,0,"N",0,0,0,0
"94","B10","LAW_4","LAW","FAM",0,0,0,0,14845,0,0,"Neither","19-06-2023","LAW_4",4,"AKH",4.56,76.81,0,"F",3,0,0,0,"N",0,0,0,0
"95","B11","LAW_5","LAW","FAM",0,0,0,0,14742,0,0,"Neither","19-06-2023","LAW_5",5,"AKH",2.77,62.16,0,"M",3,0,0,0,"N",0,0,0,0
"96","B12","MER_1","MER","FAM",0,0,0,0,12999,0,0,"Neither","17-06-2023","MER_1",1,"AKH",1.69,54.28,0,"M",1,1,0,0,"N",0,0,0,0
"97","C01","MER_2","MER","FAM",0,0,1,0,14470,0,0.0769610411361284,"tap","17-06-2023","MER_2",2,"AKH",1.23,47.29,0.5,"F",1,3,0,0,"Y",0.0625699521431938,0,0.0297495296768492,0
"98","C02","MER_3","MER","FAM",0,0,0,0,14929,0,0,"Neither","17-06-2023","MER_3",3,"AKH",1.54,51.89,0.5,"F",1,3,0,0,"Y",0,0,0.0297495296768492,0
"99","C03","MER_4","MER","FAM",0,0,0,0,14615,0,0,"Neither","17-06-2023","MER_4",4,"AKH",1.3,49.33,0,"F",1,1,0,0,"N",0,0,0.0297495296768492,0
"100","C04","MER_5","MER","FAM",0,0,1,0,12939,0,0.0861776962410524,"tap","17-06-2023","MER_5",5,"AKH",2,56.64,0,"F",1,1,0,0,"N",0.0430888481205262,0,0.0297495296768492,0
"101","C05","UCL_1","UCL","FAM",0,0,0,0,15159,0,0,"Neither",NA,NA,NA,NA,NA,NA,NA,NA,NA,NA,NA,NA,NA,NA,NA,NA,NA
"102","C06","UCL_2","UCL","FAM",0,0,0,0,13264,0,0,"Neither",NA,NA,NA,NA,NA,NA,NA,NA,NA,NA,NA,NA,NA,NA,NA,NA,NA
"103","C07","UCL_3","UCL","FAM",0,0,0,0,15174,0,0,"Neither",NA,NA,NA,NA,NA,NA,NA,NA,NA,NA,NA,NA,NA,NA,NA,NA,NA
"104","C08","NIM_1","NIM","FAM",0,0,0,0,13472,0,0,"Neither","23-06-2023","NIM_1",1,"AKH",1.7,53.43,0,"M",1,2,0,0,"N",0,0,0,0
"105","C09","NIM_2","NIM","FAM",0,0,0,0,12338,0,0,"Neither","23-06-2023","NIM_2",2,"AKH",3.11,66.41,0,"F",3,1,0,0,"N",0,0,0,0
"106","C11","NIM_4","NIM","FAM",0,0,0,0,16550,0,0,"Neither","23-06-2023","NIM_4",4,"AKH",1.87,55.92,0,"M",1,1,0,0,"N",0,0,0,0
"107","C12","NIM_5","NIM","FAM",0,0,0,0,14080,0,0,"Neither","23-06-2023","NIM_5",5,"AKH",1.61,53.1,0,"F",1,1,0,0,"N",0,0,0,0
"108","D01","ROS_1","ROS","FAM",0,0,0,0,14260,0,0,"Neither","23-06-2023","ROS_1",1,"AKH",1.92,60.52,0,"F",3,0,0,0,"N",0,0,0,0
"109","D02","ROS_2","ROS","FAM",0,0,0,0,15363,0,0,"Neither","23-06-2023","ROS_2",2,"AKH",2.14,60.62,0,"F",3,0,0,0,"N",0,0,0,0
"110","D03","ROS_3","ROS","FAM",0,0,0,0,14299,0,0,"Neither","23-06-2023","ROS_3",3,"AKH",1.26,49.9,1,"M",3,1,1,0,"Y",0,0,0,0
"111","D04","ROS_4","ROS","FAM",0,0,0,0,13605,0,0,"Neither","23-06-2023","ROS_4",4,"AKH",1.67,56.15,2,"F",2,0,1,0,"Y",0,0,0,0
"112","D05","ROS_5","ROS","FAM",0,0,0,0,13389,0,0,"Neither","23-06-2023","ROS_5",5,"AKH",2.54,58.17,0,"M",3,0,0,0,"N",0,0,0,0
"113","D06","WOS_1","WOS","FAM",0,0,0,0,13504,0,0,"Neither","26-06-2023","WOS_1",1,"GAC",2.23,53.49,1,"F",3,2,0,0,"Y",0,0,0.00572229058705527,0
"114","D08","WOS_3","WOS","FAM",0,0,0,0,13319,0,0,"Neither","26-06-2023","WOS_3",3,"GAC",1.17,43.8,1,"F",2,2,0,0,"Y",0,0,0.00572229058705527,0
"115","D09","WOS_4","WOS","FAM",0,0,0,0,15459,0,0,"Neither","26-06-2023","WOS_4",4,"GAC",1.51,48.94,0,"F",2,1,0,0,"N",0,0,0.00572229058705527,0
"116","D11","WOS_5","WOS","FAM",0,0,0,0,15024,0,0,"Neither","26-06-2023","WOS_5",5,"GAC",2,52.75,1,"F",2,1,0,1,"Y",0,0,0.00572229058705527,0
"117","D12","MUC_4","MUC","FAM",0,0,0,0,14066,0,0,"Neither","29-06-2023","MUC_4",4,"GAC",2.84,62.29,0,"F",3,0,0,3,"N",0,0,0.0308295905031264,0.0108342590988495
"118","E01","MUC_5","MUC","FAM",0,0,1,0,13269,0,0.0861776962410524,"tap","29-06-2023","MUC_5",5,"GAC",1.51,49.39,0,"M",3,3,1,1,"N",0.057071322013942,0,0.0623212302613413,0.0240266998789279
"119","E02","MUC_6","MUC","FAM",0,0,0,0,15125,0,0,"Neither","29-06-2023","MUC_6",6,"GAC",2.18,56.71,0,"F",3,0,0,4,"N",0,0,0.0308295905031264,0.0108342590988495
"120","E03","MUC_7","MUC","FAM",0,0,0,0,13307,0,0,"Neither","29-06-2023","MUC_7",7,"GAC",1.54,50.32,0,"F",3,0,0,0,"N",0,0,0.0308295905031264,0.0108342590988495
"121","E04","MUC_8","MUC","FAM",0,0,0,0,14713,0,0,"Neither","29-06-2023","MUC_8",8,"GAC",1.4,50.48,0,"M",3,0,1,0,"N",0,0,0.0623212302613413,0.0240266998789279
"122","A01","MUC_1","MUC","HEX",0,0,0,0,14931,0,0.198850858745165,"Neither","29-06-2023","MUC_1",1,"GAC",2.15,56.83,0,"F",3,0,0,1,"N",0.0924887715093791,0,0.0308295905031264,0.00524485647083836
"123","A02","MUC_2","MUC","HEX",0,0,0,0,15045,0,0.173953307123438,"Neither","29-06-2023","MUC_2",2,"GAC",1.81,51.82,0,"M",3,0,3,0,"N",0.0961067995157116,0,0.0623212302613413,0.0142678305034855
"124","A03","MUC_3","MUC","HEX",0,0,0,0,13371,0,0,"Neither","29-06-2023","MUC_3",3,"GAC",0.98,43.49,0,"F",3,0,0,0,"N",0,0,0.0308295905031264,0.00524485647083836
"125","A04","BOO_1","BOO","HEX",0,0,0,0,14657,0,0,"Neither","17-06-2023","BOO_1",1,"AKH",1.44,51.52,0,"M",1,1,0,0,"N",0,0,0.00528697522951242,0
"126","A05","BOO_2","BOO","HEX",0,0,0,0,13831,0,0,"Neither","17-06-2023","BOO_2",2,"AKH",5.04,78.22,2,"F",3,1,0,0,"Y",0,0,0.0149290985557159,0.00589000639634935
"127","A06","BOO_3","BOO","HEX",0,0,0,1,14209,0,0.0769610411361284,"floR","17-06-2023","BOO_3",3,"AKH",4.06,76.48,2,"F",2,2,0,0,"Y",0.0189559214621006,0,0.0149290985557159,0.00589000639634935
"128","A07","BOO_4","BOO","HEX",0,0,0,0,14979,0,0,"Neither","17-06-2023","BOO_4",4,"AKH",3.32,70.76,1,"M",3,0,0,0,"Y",0,0,0.00528697522951242,0
"129","A08","BOO_5","BOO","HEX",0,0,0,0,13058,0,0,"Neither","17-06-2023","BOO_5",5,"AKH",1.06,47.89,0,"F",1,2,0,0,"N",0,0,0.0149290985557159,0.00589000639634935
"130","A09","FRE_1","FRE","HEX",0,0,0,0,13933,0,0,"Neither","01-06-2023","FRE_1",1,"AKH",0.81,43.8,0,"M",3,0,0,0,"N",0,0,0,0
"131","A10","FRE_2","FRE","HEX",0,0,0,0,15185,0,0,"Neither","01-06-2023","FRE_2",2,"AKH",0.87,44.51,0,"F",2,0,0,0,"N",0,0,0,0
"132","A11","FRE_3","FRE","HEX",0,0,0,0,15327,0,0,"Neither","01-06-2023","FRE_3",3,"AKH",1.12,45.7,0,"F",3,0,0,0,"N",0,0,0,0
"133","A12","FRE_4","FRE","HEX",0,0,0,0,11542,0,0,"Neither","01-06-2023","FRE_4",4,"AKH",1.14,50.15,0,"M",2,0,0,0,"N",0,0,0,0
"134","B01","FRE_5","FRE","HEX",0,0,0,0,15869,0,0,"Neither","01-06-2023","FRE_5",5,"AKH",0.88,45.3,0,"M",3,0,0,0,"N",0,0,0,0
"135","B02","L2B_3","L2B","HEX",0.08,0,1,0,14705,0.0769610411361284,0.0769610411361284,"tap","04-06-2023","L2B_3",3,"AKH",0.82,41.2,2,"F",2,0,1,0,"Y",0.0938549282147907,0.0938549282147907,0.0312849760715969,0.0312849760715969
"136","B03","L2B_4","L2B","HEX",0,0,0,0,14887,0,0,"Neither","04-06-2023","L2B_4",4,"AKH",1.1,45.08,3,"M",3,1,0,1,"Y",0,0,0,0
"137","B04","L2B_5","L2B","HEX",0,0,0,0,14899,0,0,"Neither","04-06-2023","L2B_5",5,"AKH",1.36,48.55,3,"M",3,1,1,0,"Y",0,0,0,0
"138","B05","L2B_6","L2B","HEX",0,0,0,0,13750,0,0,"Neither","04-06-2023","L2B_6",6,"AKH",1.32,47.07,3,"M",3,0,1,0,"Y",0,0,0,0
"139","B06","L2B_7","L2B","HEX",0,0,0,0,14286,0,0,"Neither","04-06-2023","L2B_7",7,"AKH",1.19,45.42,2,"M",3,0,0,0,"Y",0,0,0,0
"140","B07","LAW_1","LAW","HEX",0,0,0,0,14068,0,0,"Neither","19-06-2023","LAW_1",1,"AKH",3,65.69,0,"F",3,2,0,0,"N",0,0,0,0
"141","B08","LAW_2","LAW","HEX",0,0,0,0,14172,0,0,"Neither","19-06-2023","LAW_2",2,"AKH",2.13,58.26,0,"M",3,0,0,0,"N",0,0,0,0
"142","B09","LAW_3","LAW","HEX",0,0,0,0,13240,0,0,"Neither","19-06-2023","LAW_3",3,"AKH",2.55,62.23,0,"M",3,0,0,0,"N",0,0,0,0
"143","B10","LAW_4","LAW","HEX",0,0,0,0,14845,0,0,"Neither","19-06-2023","LAW_4",4,"AKH",4.56,76.81,0,"F",3,0,0,0,"N",0,0,0,0
"144","B11","LAW_5","LAW","HEX",0,0,0,0,14742,0,0,"Neither","19-06-2023","LAW_5",5,"AKH",2.77,62.16,0,"M",3,0,0,0,"N",0,0,0,0
"145","B12","MER_1","MER","HEX",0,0,0,0,12999,0,0,"Neither","17-06-2023","MER_1",1,"AKH",1.69,54.28,0,"M",1,1,0,0,"N",0,0,0,0
"146","C01","MER_2","MER","HEX",0.08,0,1,0,14470,0.0769610411361284,0.0769610411361284,"tap","17-06-2023","MER_2",2,"AKH",1.23,47.29,0.5,"F",1,3,0,0,"Y",0.0625699521431938,0.0625699521431938,0.0297495296768492,0.021131760052744
"147","C02","MER_3","MER","HEX",0,0,0,0,14929,0,0,"Neither","17-06-2023","MER_3",3,"AKH",1.54,51.89,0.5,"F",1,3,0,0,"Y",0,0,0.0297495296768492,0.021131760052744
"148","C03","MER_4","MER","HEX",0,0,0,0,14615,0,0,"Neither","17-06-2023","MER_4",4,"AKH",1.3,49.33,0,"F",1,1,0,0,"N",0,0,0.0297495296768492,0.021131760052744
"149","C04","MER_5","MER","HEX",0.09,0,1,0,12939,0.0861776962410524,0.0861776962410524,"tap","17-06-2023","MER_5",5,"AKH",2,56.64,0,"F",1,1,0,0,"N",0.0430888481205262,0.0430888481205262,0.0297495296768492,0.021131760052744
"150","C05","UCL_1","UCL","HEX",0,0,0,0,15159,0,0,"Neither",NA,NA,NA,NA,NA,NA,NA,NA,NA,NA,NA,NA,NA,NA,NA,NA,NA
"151","C06","UCL_2","UCL","HEX",0,0,0,0,13264,0,0,"Neither",NA,NA,NA,NA,NA,NA,NA,NA,NA,NA,NA,NA,NA,NA,NA,NA,NA
"152","C07","UCL_3","UCL","HEX",0,0,0,0,15174,0,0,"Neither",NA,NA,NA,NA,NA,NA,NA,NA,NA,NA,NA,NA,NA,NA,NA,NA,NA
"153","C08","NIM_1","NIM","HEX",0,0,0,0,13472,0,0,"Neither","23-06-2023","NIM_1",1,"AKH",1.7,53.43,0,"M",1,2,0,0,"N",0,0,0,0
"154","C09","NIM_2","NIM","HEX",0,0,0,0,12338,0,0,"Neither","23-06-2023","NIM_2",2,"AKH",3.11,66.41,0,"F",3,1,0,0,"N",0,0,0,0
"155","C11","NIM_4","NIM","HEX",0,0,0,0,16550,0,0,"Neither","23-06-2023","NIM_4",4,"AKH",1.87,55.92,0,"M",1,1,0,0,"N",0,0,0,0
"156","C12","NIM_5","NIM","HEX",0,0,0,0,14080,0,0,"Neither","23-06-2023","NIM_5",5,"AKH",1.61,53.1,0,"F",1,1,0,0,"N",0,0,0,0
"157","D01","ROS_1","ROS","HEX",0,0,0,0,14260,0,0,"Neither","23-06-2023","ROS_1",1,"AKH",1.92,60.52,0,"F",3,0,0,0,"N",0,0,0,0
"158","D02","ROS_2","ROS","HEX",0,0,0,0,15363,0,0,"Neither","23-06-2023","ROS_2",2,"AKH",2.14,60.62,0,"F",3,0,0,0,"N",0,0,0,0
"159","D03","ROS_3","ROS","HEX",0,0,0,0,14299,0,0,"Neither","23-06-2023","ROS_3",3,"AKH",1.26,49.9,1,"M",3,1,1,0,"Y",0,0,0,0
"160","D04","ROS_4","ROS","HEX",0,0,0,0,13605,0,0,"Neither","23-06-2023","ROS_4",4,"AKH",1.67,56.15,2,"F",2,0,1,0,"Y",0,0,0,0
"161","D05","ROS_5","ROS","HEX",0,0,0,0,13389,0,0,"Neither","23-06-2023","ROS_5",5,"AKH",2.54,58.17,0,"M",3,0,0,0,"N",0,0,0,0
"162","D06","WOS_1","WOS","HEX",0,0,0,0,13504,0,0,"Neither","26-06-2023","WOS_1",1,"GAC",2.23,53.49,1,"F",3,2,0,0,"Y",0,0,0.00572229058705527,0.00572229058705527
"163","D08","WOS_3","WOS","HEX",0,0,0,0,13319,0,0,"Neither","26-06-2023","WOS_3",3,"GAC",1.17,43.8,1,"F",2,2,0,0,"Y",0,0,0.00572229058705527,0.00572229058705527
"164","D09","WOS_4","WOS","HEX",0,0,0,0,15459,0,0,"Neither","26-06-2023","WOS_4",4,"GAC",1.51,48.94,0,"F",2,1,0,0,"N",0,0,0.00572229058705527,0.00572229058705527
"165","D11","WOS_5","WOS","HEX",0,0,0,0,15024,0,0,"Neither","26-06-2023","WOS_5",5,"GAC",2,52.75,1,"F",2,1,0,1,"Y",0,0,0.00572229058705527,0.00572229058705527
"166","D12","MUC_4","MUC","HEX",0,0,0,0,14066,0,0,"Neither","29-06-2023","MUC_4",4,"GAC",2.84,62.29,0,"F",3,0,0,3,"N",0,0,0.0308295905031264,0.00524485647083836
"167","E01","MUC_5","MUC","HEX",0.09,0,1,0,13269,0.0861776962410524,0.0861776962410524,"tap","29-06-2023","MUC_5",5,"GAC",1.51,49.39,0,"M",3,3,1,1,"N",0.057071322013942,0.057071322013942,0.0623212302613413,0.0142678305034855
"168","E02","MUC_6","MUC","HEX",0,0,0,0,15125,0,0,"Neither","29-06-2023","MUC_6",6,"GAC",2.18,56.71,0,"F",3,0,0,4,"N",0,0,0.0308295905031264,0.00524485647083836
"169","E03","MUC_7","MUC","HEX",0,0,0,0,13307,0,0,"Neither","29-06-2023","MUC_7",7,"GAC",1.54,50.32,0,"F",3,0,0,0,"N",0,0,0.0308295905031264,0.00524485647083836
"170","E04","MUC_8","MUC","HEX",0,0,0,0,14713,0,0,"Neither","29-06-2023","MUC_8",8,"GAC",1.4,50.48,0,"M",3,0,1,0,"N",0,0,0.0623212302613413,0.0142678305034855
"171","A01","CED_4","CED","FAM",0,0,18,0,14026,0,0.916290731874155,"tap","09-06-2023","CED_4",4,"AKH",0.78,41.75,0,"F",1,0,0,0,"N",1.17473170753097,0,0.783154471687312,0
"172","A03","VER_17","VER","FAM",0.25,0,1,3,14236,0.22314355131421,0.285178942233662,"floR & tap","29-06-2023","VER_17",17,"GAC",0.83,38.45,1,"M",3,6,7,0,"Y",0.343589087028509,0.268847652185795,0.856481456999754,0.526919084507398
"173","A04","VER_18","VER","FAM",0,0,0,0,14248,0,0,"Neither","29-06-2023","VER_18",18,"GAC",1.08,47.16,0,"M",3,4,4,0,"N",0,0,0.856481456999754,0.526919084507398
"174","A05","ROB_7","ROB","FAM",0,0,0,0,14006,0,0,"Neither","15-06-2023","ROB_7",7,"AKH",0.61,39.53,0,"M",3,0,0,0,"N",0,0,0.227631089541741,0.0739481176588141
"175","A06","ROB_8","ROB","FAM",0,0,0,0,12249,0,0,"Neither","15-06-2023","ROB_8",8,"AKH",0.49,35.71,0,"F",3,0,0,0,"N",0,0,4.56306364658242,4.49963861852501
"176","A07","ROB_9","ROB","FAM",0.15,0,0,2,15977,0.139761942375159,0.215111379616945,"floR","15-06-2023","ROB_9",9,"AKH",0.63,40.8,0,"M",3,0,0,0,"N",0.341446634312612,0.221844352976442,0.227631089541741,0.0739481176588141
"177","A08","BRB_7","BRB","FAM",0,0,0,0,14544,0,0,"Neither","19-06-2023","BRB_7",7,"AKH",0.73,42.49,0,"F",3,0,0,0,"N",0,0,2.96090185198894,2.92109231406368
"178","A09","BRB_8","BRB","FAM",0,0,0,0,15703,0,0,"Neither","19-06-2023","BRB_8",8,"AKH",1.91,55.13,0,"M",3,0,0,0,"N",0,0,6.82245025119325,6.70743052872956
"179","A10","BRB_9","BRB","FAM",0,0,0,0,16373,0,0,"Neither","19-06-2023","BRB_9",9,"AKH",1.44,52.36,0,"F",3,0,0,0,"N",0,0,2.96090185198894,2.92109231406368
"180","A11","BLA_8","BLA","FAM",0,0,0,0,14000,0,0,"Neither","04-06-2023","BLA_8",8,"AKH",1.11,49.85,0,"F",2,0,0,0,"N",0,0,2.43141990251436,2.41174081279949
"181","B01","SRA_4","SRA","FAM",0,0,0,0,15385,0,0,"Neither","02-06-2023","SRA_4",4,"AKH",2.66,65.07,0,"F",2,0,0,0,"N",0,0,0,0
"182","B02","SRA_5","SRA","FAM",0,0,0,0,13801,0,0,"Neither","02-06-2023","SRA_5",5,"AKH",0.87,43.97,0,"M",2,0,0,0,"N",0,0,0,0
"183","B03","SRA_6","SRA","FAM",0,0,0,0,14682,0,0,"Neither","02-06-2023","SRA_6",6,"AKH",2.34,57.66,0,"F",3,0,0,0,"N",0,0,0,0
"184","B04","BEA_7","BEA","FAM",0,0,0,0,12155,0,0,"Neither","24-06-2023","BEA_7",7,"GAC",2.48,57.88,0,"M",3,0,0,0,"N",0,0,0.404719722453423,0.352350977816563
"185","B05","BEA_8","BEA","FAM",0,0,0,0,15151,0,0,"Neither","24-06-2023","BEA_8",8,"GAC",1.38,49.28,0,"M",3,0,0,0,"N",0,0,0.404719722453423,0.352350977816563
"186","B06","BEA_9","BEA","FAM",0,0,0,0,15792,0,0,"Neither","24-06-2023","BEA_9",9,"GAC",1.1,47.09,0,"M",3,0,0,0,"N",0,0,0.404719722453423,0.352350977816563
"187","B07","GRA_3","GRA","FAM",0,0,0,0,14161,0,0,"Neither","24-06-2023","GRA_3",3,"AKH",1.82,51.55,0,"M",3,0,0,0,"N",0,0,0,0
"188","B08","GRA_4","GRA","FAM",0,0,1,0,16046,0,0.0676586484738149,"tap","24-06-2023","GRA_4",4,"AKH",4.41,64.76,0,"F",3,2,0,0,"N",0.0153420971595952,0,0.0076710485797976,0
"189","B09","GRA_5","GRA","FAM",0,0,0,0,15168,0,0,"Neither","24-06-2023","GRA_5",5,"AKH",1.43,48.9,0,"M",2,0,0,0,"N",0,0,0,0
"190","B10","CED_1","CED","FAM",0,0,0,0,15676,0,0,"Neither","09-06-2023","CED_1",1,"AKH",1.56,52.03,0,"M",3,0,0,0,"N",0,0,0,0
"191","B11","CED_2","CED","FAM",0,0,0,0,14627,0,0,"Neither","09-06-2023","CED_2",2,"AKH",0.99,44.68,0,"F",3,0,0,0,"N",0,0,0.783154471687312,0
"192","C01","ANU_13","ANU","FAM",0,0,0,0,14874,0,0,"Neither","27-06-2023","ANU_13",13,"GAC",3.48,64.42,0,"M",3,1,1,0,"N",0,0,0.917469782434398,0.872843361253836
"193","C02","ANU_14","ANU","FAM",0,0,0,0,14168,0,0,"Neither","27-06-2023","ANU_14",14,"GAC",2.7,68.33,0,"F",3,0,0,0,"N",0,0,1.75507786780305,1.66649917698923
"194","C03","ANU_15","ANU","FAM",0,0,0,0,16113,0,0,"Neither","27-06-2023","ANU_15",15,"GAC",2.44,65.25,0,"M",3,0,0,0,"N",0,0,0.917469782434398,0.872843361253836
"195","C04","COM_2","COM","FAM",0,0,0,0,16830,0,0,"Neither","10-06-2023","COM_2",2,"AKH",1,48.61,0,"M",3,0,0,0,"N",0,0,0.0165507615346513,0.0165507615346513
"196","C05","COM_3","COM","FAM",0,0,0,0,14553,0,0,"Neither","10-06-2023","COM_3",3,"AKH",1.61,51.49,0,"M",3,0,0,0,"N",0,0,0.0165507615346513,0.0165507615346513
"197","C06","COM_4","COM","FAM",0.08,0,0,1,15079,0.0769610411361284,0.0769610411361284,"floR","10-06-2023","COM_4",4,"AKH",1.55,52.47,0,"M",3,0,0,0,"N",0.0496522846039538,0.0496522846039538,0.0165507615346513,0.0165507615346513
"198","C07","KID_10","KID","FAM",0,0,0,0,14414,0,0,"Neither","30-06-2023","KID_10",10,"GAC",0.55,36.47,2,"F",1,0,1,0,"Y",0,0,0,0
"199","C08","KID_11","KID","FAM",0,0,1,0,14768,0,0.0769610411361284,"tap","30-06-2023","KID_11",11,"GAC",1.75,52.25,1,"M",3,0,2,0,"Y",0.0439777377920734,0,0.0219888688960367,0
"200","C09","KID_12","KID","FAM",0,0,0,0,14394,0,0,"Neither","30-06-2023","KID_12",12,"GAC",0.98,45.56,0.5,"M",3,0,4,0,"Y",0,0,0.0219888688960367,0
"201","C10","BLK_1","BLK","FAM",0.15,0,0,2,15505,0.139761942375159,0.139761942375159,"floR","12-06-2023","BLK_1",1,"AKH",0.93,46.04,0,"F",3,0,0,1,"N",0.150281658467912,0.150281658467912,0.0751408292339562,0.0751408292339562
"202","C11","BLK_2","BLK","FAM",0,0,0,0,15479,0,0,"Neither","12-06-2023","BLK_2",2,"AKH",1.44,49.96,0,"M",3,0,0,0,"N",0,0,0,0
"203","D01","PCH_8","PCH","FAM",0,0,0,0,12423,0,0,"Neither","03-06-2023","PCH_8",8,"AKH",0.64,39.79,0,"M",3,3,0,0,"N",0,0,0,0
"204","D02","PCH_9","PCH","FAM",0,0,0,0,15023,0,0,"Neither","03-06-2023","PCH_9",9,"AKH",0.83,44.29,0,"M",3,6,0,0,"N",0,0,0,0
"205","D04","WOS_11","WOS","FAM",0,0,1,0,16332,0,0.0676586484738149,"tap","26-06-2023","WOS_11",11,"GAC",2.3,57.34,0,"M",3,1,0,0,"N",0.0294168036842673,0,0.0147084018421337,0
"206","D05","WOS_15","WOS","FAM",0,0,0,0,13416,0,0,"Neither","26-06-2023","WOS_15",15,"GAC",2.42,58.93,0,"M",3,0,0,0,"N",0,0,0.0147084018421337,0
"207","D06","SUG_1","SUG","FAM",0,0,0,0,15826,0,0,"Neither","05-06-2023","SUG_1",1,"AKH",0.45,35.02,3,"M",3,0,0,0,"Y",0,0,0,0
"208","D07","SUG_2","SUG","FAM",0.08,0,0,1,14609,0.0769610411361284,0.148420005118273,"floR","05-06-2023","SUG_2",2,"AKH",0.57,40.13,0,"F",3,0,0,0,"N",0.260385973891707,0.13501937041426,0.130192986945854,0.0337548426035651
"209","D08","SUG_3","SUG","FAM",0,0,0,0,14444,0,0,"Neither","05-06-2023","SUG_3",3,"AKH",0.42,36.56,0,"M",3,0,0,0,"N",0,0,0,0
"210","D09","STE_1","STE","FAM",0,0,0,0,15263,0,0,"Neither","13-06-2023","STE_1",1,"AKH",0.57,38.47,0,"M",3,0,0,0,"N",0,0,0,0
"211","D10","STE_2","STE","FAM",0,0,0,0,15844,0,0,"Neither","13-06-2023","STE_2",2,"AKH",0.85,41.62,0,"F",3,0,0,0,"N",0,0,0,0
"212","D11","JOE_10","JOE","FAM",0,0,0,0,16345,0,0,"Neither","24-06-2023","JOE_10",10,"AKH",5.61,76.46,0,"F",3,0,0,0,"N",0,0,0,0
"213","D12","JOE_11","JOE","FAM",0,0,0,0,12821,0,0,"Neither","24-06-2023","JOE_11",11,"AKH",3.41,69.34,0,"M",3,0,0,0,"N",0,0,0,0
"214","E01","BOO_12","BOO","FAM",0,0,0,0,14869,0,0,"Neither","17-06-2023","BOO_12",12,"AKH",3.78,73.93,2,"M",3,6,2,0,"Y",0,0,0.00528697522951242,0.00528697522951242
"215","E02","BOO_16","BOO","FAM",0,0,0,0,14691,0,0,"Neither","17-06-2023","BOO_16",16,"AKH",3.12,68.87,2,"M",3,0,1,0,"Y",0,0,0.00528697522951242,0.00528697522951242
"216","E03","ECH_1","ECH","FAM",0,0,0,0,15316,0,0,"Neither","20-06-2023","ECH_1",1,"AKH",0.68,41.17,0,"M",2,1,0,0,"N",0,0,0,0
"217","E04","ECH_2","ECH","FAM",0,0,1,0,16231,0,0.0676586484738149,"tap","20-06-2023","ECH_2",2,"AKH",3.16,65.48,1,"F",2,8,0,0,"Y",0.0214109647069034,0,0.0107054823534517,0
"218","E05","ECH_3","ECH","FAM",0,0,0,0,13609,0,0,"Neither","20-06-2023","ECH_3",3,"AKH",0.96,48.25,0,"F",3,2,0,0,"N",0,0,0.0107054823534517,0
"219","E06","L2B_2","L2B","FAM",0,0,0,0,15920,0,0,"Neither","04-06-2023","L2B_2",2,"AKH",1.42,47.03,0,"F",3,2,0,4,"N",0,0,0.0312849760715969,0
"220","E07","L2B_17","L2B","FAM",0,0,0,0,15256,0,0,"Neither","04-06-2023","L2B_17",17,"AKH",1.27,46.32,0,"M",3,0,0,0,"N",0,0,0,0
"221","E08","L2B_18","L2B","FAM",0,0,0,0,14845,0,0,"Neither","04-06-2023","L2B_18",18,"AKH",1.2,43.84,2,"M",3,1,0,0,"Y",0,0,0,0
"222","E09","L2B_19","L2B","FAM",0,0,0,0,14318,0,0,"Neither","04-06-2023","L2B_19",19,"AKH",0.82,41.92,3,"F",3,1,1,1,"Y",0,0,0.0312849760715969,0
"223","E10","PCH_1","PCH","FAM",0,0,0,0,15624,0,0,"Neither","03-06-2023","PCH_1",1,"AKH",1.05,45.78,0,"F",3,10,1,0,"N",0,0,0,0
"224","E11","PCH_16","PCH","FAM",0,0,0,0,15644,0,0,"Neither","03-06-2023","PCH_16",16,"AKH",0.73,41.24,0,"F",3,14,0,0,"N",0,0,0,0
"225","E12","PCH_07","PCH","FAM",0,0,0,0,13609,0,0,"Neither",NA,NA,NA,NA,NA,NA,NA,NA,NA,NA,NA,NA,NA,NA,NA,NA,NA
"226","F01","LST_1","LST","FAM",0.16,0,1,2,14643,0.148420005118273,0.385262400790645,"floR & tap","13-06-2023","LST_1",1,"AKH",1.51,35.74,0,"F",3,0,0,0,"N",0.255140662775262,0.0982913941180617,0.814058550822013,0.422371666506851
"227","F02","LST_2","LST","FAM",0.23,0,0,3,15384,0.207014169384326,0.482426149244293,"floR","13-06-2023","LST_2",2,"AKH",0.98,43.78,0,"F",3,0,0,0,"N",0.492271580861523,0.211238948351353,0.814058550822013,0.422371666506851
"228","F03","MSK_1","MSK","FAM",0,0,1,0,16014,0,0.0676586484738149,"tap","09-06-2023","MSK_1",1,"AKH",1,43.18,0,"M",3,0,0,0,"N",0.0676586484738149,0,0.0338293242369074,0
"229","F04","MSK_2","MSK","FAM",0,0,0,0,15745,0,0,"Neither","09-06-2023","MSK_2",2,"AKH",1.34,50.82,0,"F",3,0,0,0,"N",0,0,0,0
"230","F05","MSK_3","MSK","FAM",0,0,0,0,13726,0,0,"Neither","09-06-2023","MSK_3",3,"AKH",1.45,49.06,0,"M",3,0,0,0,"N",0,0,0.0338293242369074,0
"231","F06","LWO_1","LWO","FAM",0,0,0,0,16127,0,0,"Neither","26-06-2023","LWO_1",1,"GAC",0.87,43.54,0,"F",3,0,0,0,"N",0,0,0,0
"232","F07","LWO_2","LWO","FAM",0,0,2,0,16048,0,0.139761942375159,"tap","26-06-2023","LWO_2",2,"GAC",1.6,49.87,0,"M",3,0,0,0,"N",0.0873512139844741,0,0.0582341426563161,0
"233","F08","LWO_3","LWO","FAM",0,0,0,0,10105,0,0,"Neither","26-06-2023","LWO_3",3,"GAC",1.54,50.22,0,"M",3,0,0,0,"N",0,0,0.0582341426563161,0
"234","F09","MCN_1","MCN","FAM",0,0,0,0,15135,0,0,"Neither","08-06-2023","MCN_1",1,"AKH",1.56,51.76,0,"F",3,0,0,0,"N",0,0,0,0
"235","F10","MCN_2","MCN","FAM",0,0,0,0,15572,0,0,"Neither","08-06-2023","MCN_2",2,"AKH",1.34,49.26,0,"M",3,0,0,0,"N",0,0,0,0
"236","F11","MCN_3","MCN","FAM",0,0,0,0,15456,0,0,"Neither","08-06-2023","MCN_3",3,"AKH",1.51,53.86,0,"M",3,0,0,0,"N",0,0,0,0
"237","F12","BOO_19","BOO","FAM",0.09,0,0,1,13650,0.0861776962410524,0.0861776962410524,"floR","17-06-2023","BOO_19",19,"AKH",3.26,69.63,3,"M",3,11,22,0,"Y",0.0264348761475621,0.0264348761475621,0.00528697522951242,0.00528697522951242
"238","G01","WOS_2","WOS","FAM",0,0,0,0,16356,0,0,"Neither","26-06-2023","WOS_2",2,"GAC",2.08,51.12,1,"F",2,5,0,0,"Y",0,0,0.00572229058705527,0
"239","G02","NIM_3","NIM","FAM",0,0,0,0,14837,0,0,"Neither","23-06-2023","NIM_3",3,"AKH",1.48,50.83,0,"F",1,1,0,0,"N",0,0,0,0
"240","G03","MUC_1","MUC","FAM",0.15,0,1,2,15959,0.139761942375159,0.198850858745165,"floR & tap","29-06-2023","MUC_1",1,"GAC",2.15,56.83,0,"F",3,0,0,1,"N",0.0924887715093791,0.065005554593097,0.0308295905031264,0.0108342590988495
"241","G04","MER_5","MER","FAM",0,0,0,0,15842,0,0.0861776962410524,"Neither","17-06-2023","MER_5",5,"AKH",2,56.64,0,"F",1,1,0,0,"N",0.0430888481205262,0,0.0297495296768492,0
"242","G05","L2B_4","L2B","FAM",0,0,0,0,16579,0,0,"Neither","04-06-2023","L2B_4",4,"AKH",1.1,45.08,3,"M",3,1,0,1,"Y",0,0,0,0
"243","G06","UCL_3","UCL","FAM",0,0,0,0,8333,0,0,"Neither",NA,NA,NA,NA,NA,NA,NA,NA,NA,NA,NA,NA,NA,NA,NA,NA,NA
"244","G08","BLA_2","BLA","FAM",5010,2723,59,12583,160,8.51939077495972,9.09234481373847,"floR & tap","04-06-2023","BLA_2",2,"AKH",0.76,41.25,2,"M",3,5,0,0,"Y",11.9636115970243,11.2097247038944,7.97574106468287,7.31210034685154
"245","G09","BLK_3","BLK","FAM",0,0,0,0,16213,0,0,"Neither","12-06-2023","BLK_3",3,"AKH",1.65,53.33,0,"F",3,0,0,0,"N",0,0,0.0751408292339562,0.0751408292339562
"246","G10","CED_3","CED","FAM",0,0,0,0,15393,0,0,"Neither","09-06-2023","CED_3",3,"AKH",1.11,45.7,0,"M",3,0,0,0,"N",0,0,0,0
"247","G11","BLA_9","BLA","FAM",0,0,0,0,15164,0,0,"Neither","04-06-2023","BLA_9",9,"AKH",0.93,44.34,1,"F",2,2,0,0,"Y",0,0,2.43141990251436,2.41174081279949
"248","H01","ANU_1","ANU","FAM",540,946,1744,4952,8370,6.29341927884648,6.62936325343745,"floR & tap","27-06-2023","ANU_1",1,"GAC",2.47,62.57,0,"F",3,0,0,1,"N",2.6839527341852,2.54794302787307,1.75507786780305,1.66649917698923
"249","H02","ANU_2","ANU","FAM",579,962,1688,5002,7694,6.36302810354046,6.68835471394676,"floR & tap","27-06-2023","ANU_2",2,"GAC",2.43,57.43,0,"M",3,0,0,0,"N",2.75240934730319,2.61853008376151,0.917469782434398,0.872843361253836
"250","H03","ANU_3","ANU","FAM",786,1747,2064,5789,5860,6.6682282484174,7.02108396428914,"floR & tap","27-06-2023","ANU_3",3,"GAC",2.72,68.77,0,"F",3,0,0,0,"N",2.58128086922395,2.45155450309463,1.75507786780305,1.66649917698923
"251","H04","ORM_1","ORM","FAM",0,0,0,0,16022,0,0,"Neither","11-06-2023","ORM_1",1,"AKH",1.17,46.96,0,"M",3,0,0,0,"N",0,0,0.180580779364902,0.0296734484872948
"252","H05","ORM_3","ORM","FAM",0.15,0,5,2,15558,0.139761942375159,0.425267735404344,"floR & tap","11-06-2023","ORM_3",3,"AKH",1.57,52.54,0,"M",3,0,0,0,"N",0.270871169047353,0.0890203454618845,0.180580779364902,0.0296734484872948
"253","H06","FRY_2","FRY","FAM",0,0,0,0,14497,0,0.0769610411361284,"Neither","18-06-2023","FRY_2",2,"AKH",2.82,62.37,0,"M",3,0,0,2,"N",0.0272911493390526,0,0.0181940995593684,0.00909704977968421
"254","H07","BEA_2","BEA","FAM",4410,3108,125,11771,234,8.39185670010494,8.45361420977337,"floR & tap","24-06-2023","BEA_2",2,"AKH",2.19,61.25,0,"M",3,0,0,0,"N",3.8600978126819,3.8318980365776,0.404719722453423,0.352350977816563
"255","H08","BEA_3","BEA","FAM",0.33,1,0,3,14449,0.285178942233662,0.542324290825362,"floR & tap","24-06-2023","BEA_3",3,"AKH",1.61,53.45,0,"M",3,0,0,0,"N",0.336847385605815,0.177129777784884,0.404719722453423,0.352350977816563
"256","H09","MUC_2","MUC","FAM",0.19,0,0,2,12080,0.173953307123438,0.173953307123438,"floR","29-06-2023","MUC_2",2,"GAC",1.81,51.82,0,"M",3,0,3,0,"N",0.0961067995157116,0.0961067995157116,0.0623212302613413,0.0240266998789279
"257","H10","BEA_1","BEA","FAM",0.09,0,0,1,13049,0.0861776962410524,0.285178942233662,"floR","24-06-2023","BEA_1",1,"AKH",2.65,64.28,0,"M",3,0,0,0,"N",0.107614695182514,0.032519885373982,0.404719722453423,0.352350977816563
"258","H11","MOH_1","MOH","FAM",0.07,0,0,1,16282,0.0676586484738149,0.482426149244293,"floR","15-06-2023","MOH_1",1,"AKH",0.74,39.14,0,"M",3,0,0,0,"N",0.651927228708504,0.0914306060456958,0.651927228708504,0.19032971642609
"259","H12","BRB_4","BRB","FAM",0.12,0,0,1,10201,0.113328685307003,0.113328685307003,"floR","19-06-2023","BRB_4",4,"AKH",2.72,58.87,0,"F",3,0,0,0,"N",0.0416649578334571,0.0416649578334571,2.96090185198894,2.92109231406368
"260","A01","CED_4","CED","HEX",1.5,0,18,0,14026,0.916290731874155,0.916290731874155,"tap","09-06-2023","CED_4",4,"AKH",0.78,41.75,0,"F",1,0,0,0,"N",1.17473170753097,1.17473170753097,0.783154471687312,0.391577235843656
"261","A03","VER_17","VER","HEX",0.08,0,1,3,14236,0.0769610411361284,0.285178942233662,"floR & tap","29-06-2023","VER_17",17,"GAC",0.83,38.45,1,"M",3,6,7,0,"Y",0.343589087028509,0.0927241459471426,0.856481456999754,0.051576144562657
"262","A04","VER_18","VER","HEX",0,0,0,0,14248,0,0,"Neither","29-06-2023","VER_18",18,"GAC",1.08,47.16,0,"M",3,4,4,0,"N",0,0,0.856481456999754,0.051576144562657
"263","A05","ROB_7","ROB","HEX",0,0,0,0,14006,0,0,"Neither","15-06-2023","ROB_7",7,"AKH",0.61,39.53,0,"M",3,0,0,0,"N",0,0,0.227631089541741,0.0455966646778055
"264","A06","ROB_8","ROB","HEX",0,0,0,0,12249,0,0,"Neither","15-06-2023","ROB_8",8,"AKH",0.49,35.71,0,"F",3,0,0,0,"N",0,0,4.56306364658242,3.29883145874574
"265","A07","ROB_9","ROB","HEX",0,0,0,2,15977,0,0.215111379616945,"floR","15-06-2023","ROB_9",9,"AKH",0.63,40.8,0,"M",3,0,0,0,"N",0.341446634312612,0,0.227631089541741,0.0455966646778055
"266","A08","BRB_7","BRB","HEX",0,0,0,0,14544,0,0,"Neither","19-06-2023","BRB_7",7,"AKH",0.73,42.49,0,"F",3,0,0,0,"N",0,0,2.96090185198894,2.17939010046585
"267","A09","BRB_8","BRB","HEX",0,0,0,0,15703,0,0,"Neither","19-06-2023","BRB_8",8,"AKH",1.91,55.13,0,"M",3,0,0,0,"N",0,0,6.82245025119325,4.98951491554976
"268","A10","BRB_9","BRB","HEX",0,0,0,0,16373,0,0,"Neither","19-06-2023","BRB_9",9,"AKH",1.44,52.36,0,"F",3,0,0,0,"N",0,0,2.96090185198894,2.17939010046585
"269","A11","BLA_8","BLA","HEX",0,0,0,0,14000,0,0,"Neither","04-06-2023","BLA_8",8,"AKH",1.11,49.85,0,"F",2,0,0,0,"N",0,0,2.43141990251436,1.60574438980147
"270","B01","SRA_4","SRA","HEX",0,0,0,0,15385,0,0,"Neither","02-06-2023","SRA_4",4,"AKH",2.66,65.07,0,"F",2,0,0,0,"N",0,0,0,0
"271","B02","SRA_5","SRA","HEX",0,0,0,0,13801,0,0,"Neither","02-06-2023","SRA_5",5,"AKH",0.87,43.97,0,"M",2,0,0,0,"N",0,0,0,0
"272","B03","SRA_6","SRA","HEX",0,0,0,0,14682,0,0,"Neither","02-06-2023","SRA_6",6,"AKH",2.34,57.66,0,"F",3,0,0,0,"N",0,0,0,0
"273","B04","BEA_7","BEA","HEX",0,0,0,0,12155,0,0,"Neither","24-06-2023","BEA_7",7,"GAC",2.48,57.88,0,"M",3,0,0,0,"N",0,0,0.404719722453423,0.225071579543778
"274","B05","BEA_8","BEA","HEX",0,0,0,0,15151,0,0,"Neither","24-06-2023","BEA_8",8,"GAC",1.38,49.28,0,"M",3,0,0,0,"N",0,0,0.404719722453423,0.225071579543778
"275","B06","BEA_9","BEA","HEX",0,0,0,0,15792,0,0,"Neither","24-06-2023","BEA_9",9,"GAC",1.1,47.09,0,"M",3,0,0,0,"N",0,0,0.404719722453423,0.225071579543778
"276","B07","GRA_3","GRA","HEX",0,0,0,0,14161,0,0,"Neither","24-06-2023","GRA_3",3,"AKH",1.82,51.55,0,"M",3,0,0,0,"N",0,0,0,0
"277","B08","GRA_4","GRA","HEX",0.07,0,1,0,16046,0.0676586484738149,0.0676586484738149,"tap","24-06-2023","GRA_4",4,"AKH",4.41,64.76,0,"F",3,2,0,0,"N",0.0153420971595952,0.0153420971595952,0.0076710485797976,0.0076710485797976
"278","B09","GRA_5","GRA","HEX",0,0,0,0,15168,0,0,"Neither","24-06-2023","GRA_5",5,"AKH",1.43,48.9,0,"M",2,0,0,0,"N",0,0,0,0
"279","B10","CED_1","CED","HEX",0,0,0,0,15676,0,0,"Neither","09-06-2023","CED_1",1,"AKH",1.56,52.03,0,"M",3,0,0,0,"N",0,0,0,0
"280","B11","CED_2","CED","HEX",0,0,0,0,14627,0,0,"Neither","09-06-2023","CED_2",2,"AKH",0.99,44.68,0,"F",3,0,0,0,"N",0,0,0.783154471687312,0.391577235843656
"281","C01","ANU_13","ANU","HEX",0,0,0,0,14874,0,0,"Neither","27-06-2023","ANU_13",13,"GAC",3.48,64.42,0,"M",3,1,1,0,"N",0,0,0.917469782434398,0.742338278718112
"282","C02","ANU_14","ANU","HEX",0,0,0,0,14168,0,0,"Neither","27-06-2023","ANU_14",14,"GAC",2.7,68.33,0,"F",3,0,0,0,"N",0,0,1.75507786780305,1.43818166300917
"283","C03","ANU_15","ANU","HEX",0,0,0,0,16113,0,0,"Neither","27-06-2023","ANU_15",15,"GAC",2.44,65.25,0,"M",3,0,0,0,"N",0,0,0.917469782434398,0.742338278718112
"284","C04","COM_2","COM","HEX",0,0,0,0,16830,0,0,"Neither","10-06-2023","COM_2",2,"AKH",1,48.61,0,"M",3,0,0,0,"N",0,0,0.0165507615346513,0
"285","C05","COM_3","COM","HEX",0,0,0,0,14553,0,0,"Neither","10-06-2023","COM_3",3,"AKH",1.61,51.49,0,"M",3,0,0,0,"N",0,0,0.0165507615346513,0
"286","C06","COM_4","COM","HEX",0,0,0,1,15079,0,0.0769610411361284,"floR","10-06-2023","COM_4",4,"AKH",1.55,52.47,0,"M",3,0,0,0,"N",0.0496522846039538,0,0.0165507615346513,0
"287","C07","KID_10","KID","HEX",0,0,0,0,14414,0,0,"Neither","30-06-2023","KID_10",10,"GAC",0.55,36.47,2,"F",1,0,1,0,"Y",0,0,0,0
"288","C08","KID_11","KID","HEX",0.08,0,1,0,14768,0.0769610411361284,0.0769610411361284,"tap","30-06-2023","KID_11",11,"GAC",1.75,52.25,1,"M",3,0,2,0,"Y",0.0439777377920734,0.0439777377920734,0.0219888688960367,0.0219888688960367
"289","C09","KID_12","KID","HEX",0,0,0,0,14394,0,0,"Neither","30-06-2023","KID_12",12,"GAC",0.98,45.56,0.5,"M",3,0,4,0,"Y",0,0,0.0219888688960367,0.0219888688960367
"290","C10","BLK_1","BLK","HEX",0,0,0,2,15505,0,0.139761942375159,"floR","12-06-2023","BLK_1",1,"AKH",0.93,46.04,0,"F",3,0,0,1,"N",0.150281658467912,0,0.0751408292339562,0
"291","C11","BLK_2","BLK","HEX",0,0,0,0,15479,0,0,"Neither","12-06-2023","BLK_2",2,"AKH",1.44,49.96,0,"M",3,0,0,0,"N",0,0,0,0
"292","D01","PCH_8","PCH","HEX",0,0,0,0,12423,0,0,"Neither","03-06-2023","PCH_8",8,"AKH",0.64,39.79,0,"M",3,3,0,0,"N",0,0,0,0
"293","D02","PCH_9","PCH","HEX",0,0,0,0,15023,0,0,"Neither","03-06-2023","PCH_9",9,"AKH",0.83,44.29,0,"M",3,6,0,0,"N",0,0,0,0
"294","D04","WOS_11","WOS","HEX",0.07,0,1,0,16332,0.0676586484738149,0.0676586484738149,"tap","26-06-2023","WOS_11",11,"GAC",2.3,57.34,0,"M",3,1,0,0,"N",0.0294168036842673,0.0294168036842673,0.0147084018421337,0.0147084018421337
"295","D05","WOS_15","WOS","HEX",0,0,0,0,13416,0,0,"Neither","26-06-2023","WOS_15",15,"GAC",2.42,58.93,0,"M",3,0,0,0,"N",0,0,0.0147084018421337,0.0147084018421337
"296","D06","SUG_1","SUG","HEX",0,0,0,0,15826,0,0,"Neither","05-06-2023","SUG_1",1,"AKH",0.45,35.02,3,"M",3,0,0,0,"Y",0,0,0,0
"297","D07","SUG_2","SUG","HEX",0,0,0,1,14609,0,0.148420005118273,"floR","05-06-2023","SUG_2",2,"AKH",0.57,40.13,0,"F",3,0,0,0,"N",0.260385973891707,0,0.130192986945854,0.0337548426035651
"298","D08","SUG_3","SUG","HEX",0,0,0,0,14444,0,0,"Neither","05-06-2023","SUG_3",3,"AKH",0.42,36.56,0,"M",3,0,0,0,"N",0,0,0,0
"299","D09","STE_1","STE","HEX",0,0,0,0,15263,0,0,"Neither","13-06-2023","STE_1",1,"AKH",0.57,38.47,0,"M",3,0,0,0,"N",0,0,0,0
"300","D10","STE_2","STE","HEX",0,0,0,0,15844,0,0,"Neither","13-06-2023","STE_2",2,"AKH",0.85,41.62,0,"F",3,0,0,0,"N",0,0,0,0
"301","D11","JOE_10","JOE","HEX",0,0,0,0,16345,0,0,"Neither","24-06-2023","JOE_10",10,"AKH",5.61,76.46,0,"F",3,0,0,0,"N",0,0,0,0
"302","D12","JOE_11","JOE","HEX",0,0,0,0,12821,0,0,"Neither","24-06-2023","JOE_11",11,"AKH",3.41,69.34,0,"M",3,0,0,0,"N",0,0,0,0
"303","E01","BOO_12","BOO","HEX",0,0,0,0,14869,0,0,"Neither","17-06-2023","BOO_12",12,"AKH",3.78,73.93,2,"M",3,6,2,0,"Y",0,0,0.00528697522951242,0
"304","E02","BOO_16","BOO","HEX",0,0,0,0,14691,0,0,"Neither","17-06-2023","BOO_16",16,"AKH",3.12,68.87,2,"M",3,0,1,0,"Y",0,0,0.00528697522951242,0
"305","E03","ECH_1","ECH","HEX",0,0,0,0,15316,0,0,"Neither","20-06-2023","ECH_1",1,"AKH",0.68,41.17,0,"M",2,1,0,0,"N",0,0,0,0
"306","E04","ECH_2","ECH","HEX",0.07,0,1,0,16231,0.0676586484738149,0.0676586484738149,"tap","20-06-2023","ECH_2",2,"AKH",3.16,65.48,1,"F",2,8,0,0,"Y",0.0214109647069034,0.0214109647069034,0.0107054823534517,0.0107054823534517
"307","E05","ECH_3","ECH","HEX",0,0,0,0,13609,0,0,"Neither","20-06-2023","ECH_3",3,"AKH",0.96,48.25,0,"F",3,2,0,0,"N",0,0,0.0107054823534517,0.0107054823534517
"308","E06","L2B_2","L2B","HEX",0,0,0,0,15920,0,0,"Neither","04-06-2023","L2B_2",2,"AKH",1.42,47.03,0,"F",3,2,0,4,"N",0,0,0.0312849760715969,0.0312849760715969
"309","E07","L2B_17","L2B","HEX",0,0,0,0,15256,0,0,"Neither","04-06-2023","L2B_17",17,"AKH",1.27,46.32,0,"M",3,0,0,0,"N",0,0,0,0
"310","E08","L2B_18","L2B","HEX",0,0,0,0,14845,0,0,"Neither","04-06-2023","L2B_18",18,"AKH",1.2,43.84,2,"M",3,1,0,0,"Y",0,0,0,0
"311","E09","L2B_19","L2B","HEX",0,0,0,0,14318,0,0,"Neither","04-06-2023","L2B_19",19,"AKH",0.82,41.92,3,"F",3,1,1,1,"Y",0,0,0.0312849760715969,0.0312849760715969
"312","E10","PCH_1","PCH","HEX",0,0,0,0,15624,0,0,"Neither","03-06-2023","PCH_1",1,"AKH",1.05,45.78,0,"F",3,10,1,0,"N",0,0,0,0
"313","E11","PCH_16","PCH","HEX",0,0,0,0,15644,0,0,"Neither","03-06-2023","PCH_16",16,"AKH",0.73,41.24,0,"F",3,14,0,0,"N",0,0,0,0
"314","E12","PCH_7","PCH","HEX",0,0,0,0,13609,0,0,"Neither","03-06-2023","PCH_7",7,"AKH",0.58,38.75,0,"M",3,1,0,0,"N",0,0,0,0
"315","F01","LST_1","LST","HEX",0.08,0,1,2,14643,0.0769610411361284,0.385262400790645,"floR & tap","13-06-2023","LST_1",1,"AKH",1.51,35.74,0,"F",3,0,0,0,"N",0.255140662775262,0.0509675769113433,0.814058550822013,0.0169891923037811
"316","F02","LST_2","LST","HEX",0,0,0,3,15384,0,0.482426149244293,"floR","13-06-2023","LST_2",2,"AKH",0.98,43.78,0,"F",3,0,0,0,"N",0.492271580861523,0,0.814058550822013,0.0169891923037811
"317","F03","MSK_1","MSK","HEX",0.07,0,1,0,16014,0.0676586484738149,0.0676586484738149,"tap","09-06-2023","MSK_1",1,"AKH",1,43.18,0,"M",3,0,0,0,"N",0.0676586484738149,0.0676586484738149,0.0338293242369074,0.0338293242369074
"318","F04","MSK_2","MSK","HEX",0,0,0,0,15745,0,0,"Neither","09-06-2023","MSK_2",2,"AKH",1.34,50.82,0,"F",3,0,0,0,"N",0,0,0,0
"319","F05","MSK_3","MSK","HEX",0,0,0,0,13726,0,0,"Neither","09-06-2023","MSK_3",3,"AKH",1.45,49.06,0,"M",3,0,0,0,"N",0,0,0.0338293242369074,0.0338293242369074
"320","F06","LWO_1","LWO","HEX",0,0,0,0,16127,0,0,"Neither","26-06-2023","LWO_1",1,"GAC",0.87,43.54,0,"F",3,0,0,0,"N",0,0,0,0
"321","F07","LWO_2","LWO","HEX",0.15,0,2,0,16048,0.139761942375159,0.139761942375159,"tap","26-06-2023","LWO_2",2,"GAC",1.6,49.87,0,"M",3,0,0,0,"N",0.0873512139844741,0.0873512139844741,0.0582341426563161,0.029117071328158
"322","F08","LWO_3","LWO","HEX",0,0,0,0,10105,0,0,"Neither","26-06-2023","LWO_3",3,"GAC",1.54,50.22,0,"M",3,0,0,0,"N",0,0,0.0582341426563161,0.029117071328158
"323","F09","MCN_1","MCN","HEX",0,0,0,0,15135,0,0,"Neither","08-06-2023","MCN_1",1,"AKH",1.56,51.76,0,"F",3,0,0,0,"N",0,0,0,0
"324","F10","MCN_2","MCN","HEX",0,0,0,0,15572,0,0,"Neither","08-06-2023","MCN_2",2,"AKH",1.34,49.26,0,"M",3,0,0,0,"N",0,0,0,0
"325","F11","MCN_3","MCN","HEX",0,0,0,0,15456,0,0,"Neither","08-06-2023","MCN_3",3,"AKH",1.51,53.86,0,"M",3,0,0,0,"N",0,0,0,0
"326","F12","BOO_19","BOO","HEX",0,0,0,1,13650,0,0.0861776962410524,"floR","17-06-2023","BOO_19",19,"AKH",3.26,69.63,3,"M",3,11,22,0,"Y",0.0264348761475621,0,0.00528697522951242,0
"327","G01","WOS_2","WOS","HEX",0,0,0,0,16356,0,0,"Neither","26-06-2023","WOS_2",2,"GAC",2.08,51.12,1,"F",2,5,0,0,"Y",0,0,0.00572229058705527,0.00572229058705527
"328","G02","NIM_3","NIM","HEX",0,0,0,0,14837,0,0,"Neither","23-06-2023","NIM_3",3,"AKH",1.48,50.83,0,"F",1,1,0,0,"N",0,0,0,0
"329","G03","MUC_1","MUC","HEX",0.07,0,1,2,15959,0.0676586484738149,0.198850858745165,"floR & tap","29-06-2023","MUC_1",1,"GAC",2.15,56.83,0,"F",3,0,0,1,"N",0.0924887715093791,0.0314691388250302,0.0308295905031264,0.00524485647083836
"330","G04","MER_5","MER","HEX",0,0,0,0,15842,0,0.0861776962410524,"Neither","17-06-2023","MER_5",5,"AKH",2,56.64,0,"F",1,1,0,0,"N",0.0430888481205262,0,0.0297495296768492,0.021131760052744
"331","G05","L2B_4","L2B","HEX",0,0,0,0,16579,0,0,"Neither","04-06-2023","L2B_4",4,"AKH",1.1,45.08,3,"M",3,1,0,1,"Y",0,0,0,0
"332","G06","UCL_3","UCL","HEX",0,0,0,0,8333,0,0,"Neither",NA,NA,NA,NA,NA,NA,NA,NA,NA,NA,NA,NA,NA,NA,NA,NA,NA
"333","G08","BLA_2","BLA","HEX",232,2723,59,12583,160,5.4510384535657,9.09234481373847,"floR & tap","04-06-2023","BLA_2",2,"AKH",0.76,41.25,2,"M",3,5,0,0,"Y",11.9636115970243,7.1724190178496,7.97574106468287,4.65606334539001
"334","G09","BLK_3","BLK","HEX",0,0,0,0,16213,0,0,"Neither","12-06-2023","BLK_3",3,"AKH",1.65,53.33,0,"F",3,0,0,0,"N",0,0,0.0751408292339562,0
"335","G10","CED_3","CED","HEX",0,0,0,0,15393,0,0,"Neither","09-06-2023","CED_3",3,"AKH",1.11,45.7,0,"M",3,0,0,0,"N",0,0,0,0
"336","G11","BLA_9","BLA","HEX",0,0,0,0,15164,0,0,"Neither","04-06-2023","BLA_9",9,"AKH",0.93,44.34,1,"F",2,2,0,0,"Y",0,0,2.43141990251436,1.60574438980147
"337","H01","ANU_1","ANU","HEX",216,946,1744,4952,8370,5.37989735354046,6.62936325343745,"floR & tap","27-06-2023","ANU_1",1,"GAC",2.47,62.57,0,"F",3,0,0,1,"N",2.6839527341852,2.17809609455079,1.75507786780305,1.43818166300917
"338","H02","ANU_2","ANU","HEX",223,962,1688,5002,7694,5.41164605185504,6.68835471394676,"floR & tap","27-06-2023","ANU_2",2,"GAC",2.43,57.43,0,"M",3,0,0,0,"N",2.75240934730319,2.22701483615434,0.917469782434398,0.742338278718112
"339","H03","ANU_3","ANU","HEX",333,1747,2064,5789,5860,5.8111409929767,7.02108396428914,"floR & tap","27-06-2023","ANU_3",3,"GAC",2.72,68.77,0,"F",3,0,0,0,"N",2.58128086922395,2.13644889447673,1.75507786780305,1.43818166300917
"340","H04","ORM_1","ORM","HEX",0,0,0,0,16022,0,0,"Neither","11-06-2023","ORM_1",1,"AKH",1.17,46.96,0,"M",3,0,0,0,"N",0,0,0.180580779364902,0.0683829085284741
"341","H05","ORM_3","ORM","HEX",0.38,0,5,2,15558,0.322083499169113,0.425267735404344,"floR & tap","11-06-2023","ORM_3",3,"AKH",1.57,52.54,0,"M",3,0,0,0,"N",0.270871169047353,0.205148725585422,0.180580779364902,0.0683829085284741
"342","H06","FRY_2","FRY","HEX",0,0,0,0,14497,0,0.0769610411361284,"Neither","18-06-2023","FRY_2",2,"AKH",2.82,62.37,0,"M",3,0,0,2,"N",0.0272911493390526,0,0.0181940995593684,0
"343","H07","BEA_2","BEA","HEX",281,3108,125,11771,234,5.64190707093811,8.45361420977337,"floR & tap","24-06-2023","BEA_2",2,"AKH",2.19,61.25,0,"M",3,0,0,0,"N",3.8600978126819,2.57621327440097,0.404719722453423,0.225071579543778
"344","H08","BEA_3","BEA","HEX",0.08,1,0,3,14449,0.0769610411361284,0.542324290825362,"floR & tap","24-06-2023","BEA_3",3,"AKH",1.61,53.45,0,"M",3,0,0,0,"N",0.336847385605815,0.0478018889044276,0.404719722453423,0.225071579543778
"345","H09","MUC_2","MUC","HEX",0,0,0,2,12080,0,0.173953307123438,"floR","29-06-2023","MUC_2",2,"GAC",1.81,51.82,0,"M",3,0,3,0,"N",0.0961067995157116,0,0.0623212302613413,0.0142678305034855
"346","H10","BEA_1","BEA","HEX",0,0,0,1,13049,0,0.285178942233662,"floR","24-06-2023","BEA_1",1,"AKH",2.65,64.28,0,"M",3,0,0,0,"N",0.107614695182514,0,0.404719722453423,0.225071579543778
"347","H11","MOH_1","MOH","HEX",0,0,0,1,16282,0,0.482426149244293,"floR","15-06-2023","MOH_1",1,"AKH",0.74,39.14,0,"M",3,0,0,0,"N",0.651927228708504,0,0.651927228708504,0.0693342712938094
"348","H12","BRB_4","BRB","HEX",0,0,0,1,10201,0,0.113328685307003,"floR","19-06-2023","BRB_4",4,"AKH",2.72,58.87,0,"F",3,0,0,0,"N",0.0416649578334571,0,2.96090185198894,2.17939010046585
"349","A01","ORM_2","ORM","FAM",0.24,0,0,3,14573,0.215111379616945,0.398776119957368,"floR","11-06-2023","ORM_2",2,"AKH",1.14,47.6,0,"F",3,0,0,0,"N",0.349803613997691,0.188694192646443,0.349803613997691,0.128101938926787
"350","A02","LST_3","LST","FAM",0.09,0,0,1,13701,0.0861776962410524,0.542324290825362,"floR","13-06-2023","LST_3",3,"AKH",0.32,31.77,0,"F",3,0,0,1,"N",1.69476340882926,0.269305300753289,0.814058550822013,0.422371666506851
"351","A03","FRY_1","FRY","FAM",0.31,0,1,4,15105,0.27002713721306,0.53062825106217,"floR & tap","18-06-2023","FRY_1",1,"AKH",2.77,59.5,0,"F",3,0,0,2,"N",0.191562545509809,0.0974827210155452,0.0884669244428334,0.0456487479264948
"352","A04","FRY_2","FRY","FAM",0.08,0,0,1,14528,0.0769610411361284,0.0769610411361284,"floR","18-06-2023","FRY_2",2,"AKH",2.82,62.37,0,"M",3,0,0,2,"N",0.0272911493390526,0.0272911493390526,0.0181940995593684,0.00909704977968421
"353","A05","FRY_3","FRY","FAM",0.17,0,0,2,14081,0.157003748809665,0.27763173659828,"floR","18-06-2023","FRY_3",3,"AKH",3.76,66.09,0,"F",3,0,0,2,"N",0.0738382278186914,0.0417563161727832,0.0884669244428334,0.0456487479264948
"354","A06","BEA_1","BEA","FAM",0.08,0,1,1,15041,0.0769610411361284,0.285178942233662,"floR & tap","24-06-2023","BEA_1",1,"AKH",2.65,64.28,0,"M",3,0,0,0,"N",0.107614695182514,0.0290419023155201,0.404719722453423,0.352350977816563
"355","A08","VER_2","VER","FAM",0.69,0,0,9,15248,0.524728528934982,0.85015092936961,"floR","29-06-2023","VER_2",2,"GAC",0.39,31.82,0.5,"M",3,1,0,0,"Y",2.1798741778708,1.34545776649995,0.856481456999754,0.526919084507398
"356","B03","VER_3","VER","FAM",0.16,0,1,2,14811,0.148420005118273,0.27763173659828,"floR & tap","29-06-2023","VER_3",3,"GAC",0.86,41.27,0.5,"M",3,2,0,0,"Y",0.322827600695674,0.172581401300318,0.856481456999754,0.526919084507398
"357","B04","MOH_1","MOH","FAM",0.15,0,1,2,15381,0.139761942375159,0.482426149244293,"floR & tap","15-06-2023","MOH_1",1,"AKH",0.74,39.14,0,"M",3,0,0,0,"N",0.651927228708504,0.18886748969616,0.651927228708504,0.19032971642609
"358","B05","MOH_2","MOH","FAM",0,0,0,0,14458,0,0.215111379616945,"Neither","15-06-2023","MOH_2",2,"AKH",0.54,37.42,0,"F",3,0,0,0,"N",0.398354406698047,0,0.354118632764654,0.221333830531972
"359","B07","WOS_9","WOS","FAM",0,0,1,0,13657,0,0.0861776962410524,"tap","26-06-2023","WOS_9",9,"GAC",2.51,55.34,1,"F",2,10,1,0,"Y",0.0343337435223316,0,0.00572229058705527,0
"360","B08","UCL_73","UCL","FAM",0,0,0,0,14132,0,0,"Neither",NA,NA,NA,NA,NA,NA,NA,NA,NA,NA,NA,NA,NA,NA,NA,NA,NA
"361","C01","BOO_7","BOO","FAM",0.13,1,0,0,8801,0.122217632724249,0.231111720963387,"floR & tap","17-06-2023","BOO_7",7,"AKH",4.15,71.22,0.5,"F",3,1,0,0,"Y",0.0556895713164787,0.0294500319817468,0.0149290985557159,0.00968119068876947
"362","C02","BOO_14","BOO","FAM",0,0,0,0,9898,0,0,"Neither","17-06-2023","BOO_14",14,"AKH",6.31,80.06,0,"F",2,5,0,0,"N",0,0,0.0149290985557159,0.00968119068876947
"363","C04","JOE_2","JOE","FAM",0,0,0,0,10044,0,0,"Neither","24-06-2023","JOE_2",2,"AKH",5.93,73.27,0,"F",3,0,0,0,"N",0,0,0,0
"364","C05","JOE_8","JOE","FAM",0,0,0,0,10936,0,0,"Neither","24-06-2023","JOE_8",8,"AKH",5.85,80.33,0,"F",3,0,0,0,"N",0,0,0,0
"365","C06","JOE_12","JOE","FAM",0,0,0,0,10091,0,0,"Neither","24-06-2023","JOE_12",12,"AKH",5.33,73.99,0,"F",3,0,0,0,"N",0,0,0,0
"366","C07","LAW_6","LAW","FAM",0,0,0,0,9926,0,0,"Neither","19-06-2023","LAW_6",6,"AKH",4.73,73.43,0,"F",3,0,0,0,"N",0,0,0,0
"367","C08","LAW_8","LAW","FAM",0,0,0,0,10127,0,0,"Neither","19-06-2023","LAW_8",8,"AKH",3.91,72.83,0,"M",3,1,0,1,"N",0,0,0,0
"368","D01","LAW_10","LAW","FAM",0,0,0,0,10909,0,0,"Neither","19-06-2023","LAW_10",10,"AKH",5.38,76.47,0,"F",3,0,0,0,"N",0,0,0,0
"369","D02","LCL_4","LCL","FAM",0,0,1,0,10811,0,0.104360015324243,"tap","19-06-2023","LCL_4",4,"AKH",2.65,59.66,0,"M",3,0,0,0,"N",0.0393811378582049,0,2.63388796759599,2.60266440780858
"370","D03","LCL_6","LCL","FAM",0,0,0,0,9605,0,0,"Neither","19-06-2023","LCL_6",6,"AKH",2.78,58.85,0,"F",3,0,0,0,"N",0,0,0,0
"371","D04","LCL_7","LCL","FAM",0,0,0,0,10298,0,0,"Neither","19-06-2023","LCL_7",7,"AKH",4.73,68.02,0,"F",3,0,0,0,"N",0,0,0,0
"372","D05","FRY_4","FRY","FAM",0,0,0,0,10329,0,0,"Neither","18-06-2023","FRY_4",4,"AKH",2.14,56.46,0,"F",3,0,0,0,"N",0,0,0.0884669244428334,0.0456487479264948
"373","D06","FRY_7","FRY","FAM",0,0,0,0,10352,0,0,"Neither","18-06-2023","FRY_7",7,"AKH",2.09,54.61,3,"M",3,0,0,0,"Y",0,0,0.0181940995593684,0.00909704977968421
"374","D07","FRY_8","FRY","FAM",0,0,0,0,10450,0,0,"Neither","18-06-2023","FRY_8",8,"AKH",4.71,72.15,0,"F",3,0,0,0,"N",0,0,0.0884669244428334,0.0456487479264948
"375","D08","GRA_1","GRA","FAM",0,0,0,0,9732,0,0,"Neither","24-06-2023","GRA_1",1,"AKH",3.6,65.19,0,"M",3,0,0,0,"N",0,0,0,0
"376","E01","GRA_6","GRA","FAM",0,0,0,0,12056,0,0,"Neither","24-06-2023","GRA_6",6,"AKH",3.64,64.19,0,"M",3,1,0,0,"N",0,0,0,0
"377","E02","GRA_13","GRA","FAM",0,0,0,0,12558,0,0,"Neither","24-06-2023","GRA_13",13,"AKH",4.1,66.09,0,"F",3,0,0,0,"N",0,0,0.0076710485797976,0
"378","E03","SUG_4","SUG","FAM",0,0,0,0,12820,0,0,"Neither","05-06-2023","SUG_4",4,"AKH",0.41,34.99,0,"M",3,0,0,0,"N",0,0,0,0
"379","E04","SUG_11","SUG","FAM",0,0,0,0,11709,0,0,"Neither","05-06-2023","SUG_11",11,"AKH",0.32,33.22,4,"F",3,0,0,0,"Y",0,0,0.130192986945854,0.0337548426035651
"380","E05","SUG_15","SUG","FAM",0,0,0,0,11915,0,0,"Neither","05-06-2023","SUG_15",15,"AKH",0.28,32.23,2,"F",2,0,2,0,"Y",0,0,0.130192986945854,0.0337548426035651
"381","E06","AMO_9","AMO","FAM",0,0,0,0,11164,0,0,"Neither","10-06-2023","AMO_9",9,"AKH",0.48,36,0,"F",1,2,0,0,"N",0,0,0,0
"382","E07","AMO_11","AMO","FAM",0,0,0,0,12159,0,0,"Neither","10-06-2023","AMO_11",11,"AKH",0.34,30.42,0,"F",3,0,0,0,"N",0,0,0,0
"383","E08","AMO_12","AMO","FAM",0.1,0,0,1,11837,0.0953101798043249,0.0953101798043249,"floR","10-06-2023","AMO_12",12,"AKH",1.16,44.58,0,"M",3,2,0,0,"N",0.0821639481071767,0.0821639481071767,0.0821639481071767,0.0821639481071767
"384","F01","BLA_18","BLA","FAM",0,0,0,0,13159,0,0,"Neither","04-06-2023","BLA_18",18,"AKH",0.38,34.04,0,"F",1,0,0,0,"N",0,0,2.43141990251436,2.41174081279949
"385","F02","BLA_19","BLA","FAM",0,0,0,0,12306,0,0,"Neither","04-06-2023","BLA_19",19,"AKH",0.88,42.89,3,"M",3,0,0,0,"Y",0,0,7.97574106468287,7.31210034685154
"386","F03","BLA_20","BLA","FAM",0,0,0,0,13436,0,0,"Neither","04-06-2023","BLA_20",20,"AKH",1.55,52.15,0,"F",3,0,0,0,"N",0,0,2.43141990251436,2.41174081279949
"387","F04","ROB_4","ROB","FAM",0,0,0,0,13210,0,0,"Neither","15-06-2023","ROB_4",4,"AKH",0.95,46.29,0,"F",3,0,0,0,"N",0,0,4.56306364658242,4.49963861852501
"388","F05","ROB_5","ROB","FAM",0,0,0,0,14073,0,0,"Neither","15-06-2023","ROB_5",5,"AKH",0.37,35.95,0,"F",3,0,0,0,"N",0,0,4.56306364658242,4.49963861852501
"389","F06","ROB_10","ROB","FAM",0,0,0,0,12528,0,0,"Neither","15-06-2023","ROB_10",10,"AKH",0.49,34.53,0,"F",3,0,0,0,"N",0,0,4.56306364658242,4.49963861852501
"390","F07","BEA_4","BEA","FAM",0,0,0,0,13110,0,0,"Neither","24-06-2023","BEA_4",4,"AKH",2.58,62.14,0,"M",3,0,0,0,"N",0,0,0.404719722453423,0.352350977816563
"391","F08","BEA_5","BEA","FAM",0,0,0,0,13543,0,0,"Neither","24-06-2023","BEA_5",5,"AKH",1.84,56.14,0,"M",3,0,0,0,"N",0,0,0.404719722453423,0.352350977816563
"392","G01","BEA_6","BEA","FAM",0,0,0,0,16199,0,0,"Neither","24-06-2023","BEA_6",6,"GAC",1.9,55.17,0,"M",3,0,0,0,"N",0,0,0.404719722453423,0.352350977816563
"393","G02","TSI_4","TSI","FAM",0,0,0,0,15373,0,0,"Neither","27-06-2023","TSI_4",4,"GAC",3.46,66.36,0,"M",1,1,0,0,"N",0,0,1.02005351682095,1.00359971968875
"394","G03","TSI_5","TSI","FAM",0,0,0,0,15492,0,0,"Neither","27-06-2023","TSI_5",5,"GAC",2.45,55.89,0,"F",1,3,1,0,"N",0,0,2.80245144322289,2.71027557950418
"395","G04","TSI_6","TSI","FAM",0,0,0,0,15299,0,0,"Neither","27-06-2023","TSI_6",6,"GAC",2.89,60.83,0,"M",3,0,0,0,"N",0,0,1.02005351682095,1.00359971968875
"396","G05","CED_4","CED","FAM",0,0,0,0,15355,0,0.916290731874155,"Neither","09-06-2023","CED_4",4,"AKH",0.78,41.75,0,"F",1,0,0,0,"N",1.17473170753097,0,0.783154471687312,0
"397","G06","LWO_2","LWO","FAM",0,0,0,0,15289,0,0.139761942375159,"Neither","26-06-2023","LWO_2",2,"GAC",1.6,49.87,0,"M",3,0,0,0,"N",0.0873512139844741,0,0.0582341426563161,0
"398","G07","SUG_2","SUG","FAM",0,0,1,0,15570,0,0.148420005118273,"tap","05-06-2023","SUG_2",2,"AKH",0.57,40.13,0,"F",3,0,0,0,"N",0.260385973891707,0,0.130192986945854,0.0337548426035651
"399","G08","ROB_9","ROB","FAM",0,0,1,0,13718,0,0.215111379616945,"tap","15-06-2023","ROB_9",9,"AKH",0.63,40.8,0,"M",3,0,0,0,"N",0.341446634312612,0,0.227631089541741,0.0739481176588141
"400","A01","ORM_2","ORM","HEX",0,0,0,3,14573,0,0.398776119957368,"floR","11-06-2023","ORM_2",2,"AKH",1.14,47.6,0,"F",3,0,0,0,"N",0.349803613997691,0,0.349803613997691,0.0688612933375722
"401","A02","LST_3","LST","HEX",0,0,0,1,13701,0,0.542324290825362,"floR","13-06-2023","LST_3",3,"AKH",0.32,31.77,0,"F",3,0,0,1,"N",1.69476340882926,0,0.814058550822013,0.0169891923037811
"402","A03","FRY_1","FRY","HEX",0.08,0,1,4,15105,0.0769610411361284,0.53062825106217,"floR & tap","18-06-2023","FRY_1",1,"AKH",2.77,59.5,0,"F",3,0,0,2,"N",0.191562545509809,0.0277837693632232,0.0884669244428334,0.00463062822720387
"403","A04","FRY_2","FRY","HEX",0,0,0,1,14528,0,0.0769610411361284,"floR","18-06-2023","FRY_2",2,"AKH",2.82,62.37,0,"M",3,0,0,2,"N",0.0272911493390526,0,0.0181940995593684,0
"404","A05","FRY_3","FRY","HEX",0,0,0,2,14081,0,0.27763173659828,"floR","18-06-2023","FRY_3",3,"AKH",3.76,66.09,0,"F",3,0,0,2,"N",0.0738382278186914,0,0.0884669244428334,0.00463062822720387
"405","A06","BEA_1","BEA","HEX",0.08,0,1,1,15041,0.0769610411361284,0.285178942233662,"floR & tap","24-06-2023","BEA_1",1,"AKH",2.65,64.28,0,"M",3,0,0,0,"N",0.107614695182514,0.0290419023155201,0.404719722453423,0.225071579543778
"406","A08","VER_2","VER","HEX",0,0,0,9,15248,0,0.85015092936961,"floR","29-06-2023","VER_2",2,"GAC",0.39,31.82,0.5,"M",3,1,0,0,"Y",2.1798741778708,0,0.856481456999754,0.051576144562657
"407","B03","VER_3","VER","HEX",0.08,0,1,2,14811,0.0769610411361284,0.27763173659828,"floR & tap","29-06-2023","VER_3",3,"GAC",0.86,41.27,0.5,"M",3,2,0,0,"Y",0.322827600695674,0.0894895827164284,0.856481456999754,0.051576144562657
"408","B04","MOH_1","MOH","HEX",0.08,0,1,2,15381,0.0769610411361284,0.482426149244293,"floR & tap","15-06-2023","MOH_1",1,"AKH",0.74,39.14,0,"M",3,0,0,0,"N",0.651927228708504,0.104001406940714,0.651927228708504,0.0693342712938094
"409","B05","MOH_2","MOH","HEX",0,0,0,0,14458,0,0.215111379616945,"Neither","15-06-2023","MOH_2",2,"AKH",0.54,37.42,0,"F",3,0,0,0,"N",0.398354406698047,0,0.354118632764654,0
"410","B07","WOS_9","WOS","HEX",0.09,0,1,0,13657,0.0861776962410524,0.0861776962410524,"tap","26-06-2023","WOS_9",9,"GAC",2.51,55.34,1,"F",2,10,1,0,"Y",0.0343337435223316,0.0343337435223316,0.00572229058705527,0.00572229058705527
"411","B08","UCL_73","UCL","HEX",0,0,0,0,14132,0,0,"Neither",NA,NA,NA,NA,NA,NA,NA,NA,NA,NA,NA,NA,NA,NA,NA,NA,NA
"412","C01","BOO_7","BOO","HEX",0.13,1,0,0,8801,0.122217632724249,0.231111720963387,"floR & tap","17-06-2023","BOO_7",7,"AKH",4.15,71.22,0.5,"F",3,1,0,0,"Y",0.0556895713164787,0.0294500319817468,0.0149290985557159,0.00589000639634935
"413","C02","BOO_14","BOO","HEX",0,0,0,0,9898,0,0,"Neither","17-06-2023","BOO_14",14,"AKH",6.31,80.06,0,"F",2,5,0,0,"N",0,0,0.0149290985557159,0.00589000639634935
"414","C04","JOE_2","JOE","HEX",0,0,0,0,10044,0,0,"Neither","24-06-2023","JOE_2",2,"AKH",5.93,73.27,0,"F",3,0,0,0,"N",0,0,0,0
"415","C05","JOE_8","JOE","HEX",0,0,0,0,10936,0,0,"Neither","24-06-2023","JOE_8",8,"AKH",5.85,80.33,0,"F",3,0,0,0,"N",0,0,0,0
"416","C06","JOE_12","JOE","HEX",0,0,0,0,10091,0,0,"Neither","24-06-2023","JOE_12",12,"AKH",5.33,73.99,0,"F",3,0,0,0,"N",0,0,0,0
"417","C07","LAW_6","LAW","HEX",0,0,0,0,9926,0,0,"Neither","19-06-2023","LAW_6",6,"AKH",4.73,73.43,0,"F",3,0,0,0,"N",0,0,0,0
"418","C08","LAW_8","LAW","HEX",0,0,0,0,10127,0,0,"Neither","19-06-2023","LAW_8",8,"AKH",3.91,72.83,0,"M",3,1,0,1,"N",0,0,0,0
"419","D01","LAW_10","LAW","HEX",0,0,0,0,10909,0,0,"Neither","19-06-2023","LAW_10",10,"AKH",5.38,76.47,0,"F",3,0,0,0,"N",0,0,0,0
"420","D02","LCL_4","LCL","HEX",0.11,0,1,0,10811,0.104360015324243,0.104360015324243,"tap","19-06-2023","LCL_4",4,"AKH",2.65,59.66,0,"M",3,0,0,0,"N",0.0393811378582049,0.0393811378582049,2.63388796759599,1.72839502679698
"421","D03","LCL_6","LCL","HEX",0,0,0,0,9605,0,0,"Neither","19-06-2023","LCL_6",6,"AKH",2.78,58.85,0,"F",3,0,0,0,"N",0,0,0,0
"422","D04","LCL_7","LCL","HEX",0,0,0,0,10298,0,0,"Neither","19-06-2023","LCL_7",7,"AKH",4.73,68.02,0,"F",3,0,0,0,"N",0,0,0,0
"423","D05","FRY_4","FRY","HEX",0,0,0,0,10329,0,0,"Neither","18-06-2023","FRY_4",4,"AKH",2.14,56.46,0,"F",3,0,0,0,"N",0,0,0.0884669244428334,0.00463062822720387
"424","D06","FRY_7","FRY","HEX",0,0,0,0,10352,0,0,"Neither","18-06-2023","FRY_7",7,"AKH",2.09,54.61,3,"M",3,0,0,0,"Y",0,0,0.0181940995593684,0
"425","D07","FRY_8","FRY","HEX",0,0,0,0,10450,0,0,"Neither","18-06-2023","FRY_8",8,"AKH",4.71,72.15,0,"F",3,0,0,0,"N",0,0,0.0884669244428334,0.00463062822720387
"426","D08","GRA_1","GRA","HEX",0,0,0,0,9732,0,0,"Neither","24-06-2023","GRA_1",1,"AKH",3.6,65.19,0,"M",3,0,0,0,"N",0,0,0,0
"427","E01","GRA_6","GRA","HEX",0,0,0,0,12056,0,0,"Neither","24-06-2023","GRA_6",6,"AKH",3.64,64.19,0,"M",3,1,0,0,"N",0,0,0,0
"428","E02","GRA_13","GRA","HEX",0,0,0,0,12558,0,0,"Neither","24-06-2023","GRA_13",13,"AKH",4.1,66.09,0,"F",3,0,0,0,"N",0,0,0.0076710485797976,0.0076710485797976
"429","E03","SUG_4","SUG","HEX",0,0,0,0,12820,0,0,"Neither","05-06-2023","SUG_4",4,"AKH",0.41,34.99,0,"M",3,0,0,0,"N",0,0,0,0
"430","E04","SUG_11","SUG","HEX",0,0,0,0,11709,0,0,"Neither","05-06-2023","SUG_11",11,"AKH",0.32,33.22,4,"F",3,0,0,0,"Y",0,0,0.130192986945854,0.0337548426035651
"431","E05","SUG_15","SUG","HEX",0,0,0,0,11915,0,0,"Neither","05-06-2023","SUG_15",15,"AKH",0.28,32.23,2,"F",2,0,2,0,"Y",0,0,0.130192986945854,0.0337548426035651
"432","E06","AMO_9","AMO","HEX",0,0,0,0,11164,0,0,"Neither","10-06-2023","AMO_9",9,"AKH",0.48,36,0,"F",1,2,0,0,"N",0,0,0,0
"433","E07","AMO_11","AMO","HEX",0,0,0,0,12159,0,0,"Neither","10-06-2023","AMO_11",11,"AKH",0.34,30.42,0,"F",3,0,0,0,"N",0,0,0,0
"434","E08","AMO_12","AMO","HEX",0,0,0,1,11837,0,0.0953101798043249,"floR","10-06-2023","AMO_12",12,"AKH",1.16,44.58,0,"M",3,2,0,0,"N",0.0821639481071767,0,0.0821639481071767,0
"435","F01","BLA_18","BLA","HEX",0,0,0,0,13159,0,0,"Neither","04-06-2023","BLA_18",18,"AKH",0.38,34.04,0,"F",1,0,0,0,"N",0,0,2.43141990251436,1.60574438980147
"436","F02","BLA_19","BLA","HEX",0,0,0,0,12306,0,0,"Neither","04-06-2023","BLA_19",19,"AKH",0.88,42.89,3,"M",3,0,0,0,"Y",0,0,7.97574106468287,4.65606334539001
"437","F03","BLA_20","BLA","HEX",0,0,0,0,13436,0,0,"Neither","04-06-2023","BLA_20",20,"AKH",1.55,52.15,0,"F",3,0,0,0,"N",0,0,2.43141990251436,1.60574438980147
"438","F04","ROB_4","ROB","HEX",0,0,0,0,13210,0,0,"Neither","15-06-2023","ROB_4",4,"AKH",0.95,46.29,0,"F",3,0,0,0,"N",0,0,4.56306364658242,3.29883145874574
"439","F05","ROB_5","ROB","HEX",0,0,0,0,14073,0,0,"Neither","15-06-2023","ROB_5",5,"AKH",0.37,35.95,0,"F",3,0,0,0,"N",0,0,4.56306364658242,3.29883145874574
"440","F06","ROB_10","ROB","HEX",0,0,0,0,12528,0,0,"Neither","15-06-2023","ROB_10",10,"AKH",0.49,34.53,0,"F",3,0,0,0,"N",0,0,4.56306364658242,3.29883145874574
"441","F07","BEA_4","BEA","HEX",0,0,0,0,13110,0,0,"Neither","24-06-2023","BEA_4",4,"AKH",2.58,62.14,0,"M",3,0,0,0,"N",0,0,0.404719722453423,0.225071579543778
"442","F08","BEA_5","BEA","HEX",0,0,0,0,13543,0,0,"Neither","24-06-2023","BEA_5",5,"AKH",1.84,56.14,0,"M",3,0,0,0,"N",0,0,0.404719722453423,0.225071579543778
"443","G01","BEA_6","BEA","HEX",0,0,0,0,16199,0,0,"Neither","24-06-2023","BEA_6",6,"GAC",1.9,55.17,0,"M",3,0,0,0,"N",0,0,0.404719722453423,0.225071579543778
"444","G02","TSI_4","TSI","HEX",0,0,0,0,15373,0,0,"Neither","27-06-2023","TSI_4",4,"GAC",3.46,66.36,0,"M",1,1,0,0,"N",0,0,1.02005351682095,0.760860750930245
"445","G03","TSI_5","TSI","HEX",0,0,0,0,15492,0,0,"Neither","27-06-2023","TSI_5",5,"GAC",2.45,55.89,0,"F",1,3,1,0,"N",0,0,2.80245144322289,2.30287659126011
"446","G04","TSI_6","TSI","HEX",0,0,0,0,15299,0,0,"Neither","27-06-2023","TSI_6",6,"GAC",2.89,60.83,0,"M",3,0,0,0,"N",0,0,1.02005351682095,0.760860750930245
"447","G05","CED_4","CED","HEX",0,0,0,0,15355,0,0.916290731874155,"Neither","09-06-2023","CED_4",4,"AKH",0.78,41.75,0,"F",1,0,0,0,"N",1.17473170753097,0,0.783154471687312,0.391577235843656
"448","G06","LWO_2","LWO","HEX",0,0,0,0,15289,0,0.139761942375159,"Neither","26-06-2023","LWO_2",2,"GAC",1.6,49.87,0,"M",3,0,0,0,"N",0.0873512139844741,0,0.0582341426563161,0.029117071328158
"449","G07","SUG_2","SUG","HEX",0.08,0,1,0,15570,0.0769610411361284,0.148420005118273,"tap","05-06-2023","SUG_2",2,"AKH",0.57,40.13,0,"F",3,0,0,0,"N",0.260385973891707,0.13501937041426,0.130192986945854,0.0337548426035651
"450","G08","ROB_9","ROB","HEX",0.09,0,1,0,13718,0.0861776962410524,0.215111379616945,"tap","15-06-2023","ROB_9",9,"AKH",0.63,40.8,0,"M",3,0,0,0,"N",0.341446634312612,0.136789994033417,0.227631089541741,0.0455966646778055
